1.004095231654663634e+00 1.006176930518791313e+00 9.866701342795787255e-01 9.598497306434939924e-01 9.407283654313750576e-01 1.011386522118789877e+00 9.133122193033168523e-01 1.005572885901576230e+00 1.277471059231553019e+00 1.079679790664908490e+00 1.003133758684606969e+00
9.999266891673067592e-01 9.614453372285730604e-01 9.627249371246152654e-01 9.248722241941804700e-01 9.873384003111386198e-01 8.812602351402309964e-01 8.416914156798981361e-01 9.039545501180374920e-01 1.074915723223312636e+00 1.026092579988756137e+00 1.001304456066657300e+00
1.009384646338930880e+00 1.107585782464248103e+00 1.021878831350360395e+00 8.787073689431638135e-01 1.053797212622003432e+00 9.656508670726312582e-01 9.846762804729043417e-01 1.018990725558589272e+00 1.271510975293137502e+00 1.127472852960367478e+00 1.003574271768043591e+00
9.981075430350122568e-01 7.202540336246240349e-01 8.957547966108694304e-01 1.008731567494655090e+00 9.211947786092289370e-01 9.457135202508708538e-01 1.144050974371560114e+00 1.022345029085913071e+00 8.769856907719708605e-01 1.028823186325185546e+00 1.000071474231612356e+00
9.985130453835148190e-01 1.198692609607076465e+00 1.044295766438090967e+00 8.461476777249034020e-01 1.167137775336334560e+00 1.009312131222124265e+00 1.026134787739531706e+00 8.165250502091289109e-01 9.715287522372574314e-01 1.053778898301477085e+00 9.908683265262810957e-01
9.992555994190814861e-01 9.595914124602978879e-01 1.027159811707203163e+00 1.122325617192557967e+00 1.008254119352391953e+00 9.009000465069927355e-01 9.957223749522008394e-01 1.000271623773890228e+00 8.408472207620087957e-01 6.528156825753950177e-01 9.973264176444623930e-01
9.926349133474917652e-01 9.419592085226885514e-01 9.293081546335549836e-01 8.151221898203662164e-01 1.189587483368835352e+00 1.095358157933352228e+00 9.801196067992046235e-01 1.018314651844935304e+00 8.780303756637356516e-01 7.744394046706920554e-01 9.968624663368008676e-01
1.018236363261798338e+00 1.166693572104126053e+00 1.045413584187685485e+00 1.128633115137177567e+00 1.118720901468520212e+00 8.581962470910388108e-01 7.508198181972087770e-01 1.060368567860687783e+00 9.775465244151845257e-01 7.051384467317967086e-01 9.945377000960999858e-01
1.012395870882200066e+00 9.871344259766717810e-01 9.779015456894472047e-01 9.055203247462964011e-01 1.214578159938027424e+00 9.863366478103057222e-01 9.664764009704053249e-01 1.145400521647579550e+00 1.270447204009085729e+00 1.134899259879281974e+00 9.803224480306581556e-01
1.003514530021530904e+00 1.119174066369007070e+00 9.095825943377431333e-01 1.101941282299609970e+00 1.004753372676767453e+00 1.148618931291371048e+00 8.752883347042073048e-01 1.066283751774436128e+00 1.082871156453046879e+00 1.027475336547144291e+00 1.001609849655474171e+00
1.010526808021468881e+00 6.630021965658643435e-01 1.032867861145781552e+00 1.003722686782585694e+00 9.755761084088719892e-01 1.013838014413091626e+00 1.146607159349161575e+00 9.742024940983311510e-01 1.119054586643606575e+00 8.673024111565665883e-01 9.853106264008238968e-01
1.011225370953224623e+00 1.152528121574290187e+00 1.086861243625451001e+00 1.044674602690320864e+00 6.859990795211485803e-01 1.048908350141406931e+00 1.047655694009550054e+00 1.020526951903050650e+00 1.120764018519581739e+00 8.349057668192624293e-01 9.861375285336286822e-01
1.020792550238275309e+00 1.249865148694762507e+00 9.809061458853604032e-01 8.419277545110797067e-01 1.332022546210783975e+00 9.302856138763986316e-01 9.686635916135064583e-01 9.425530013186776968e-01 8.959627801759567634e-01 1.109948067492083634e+00 9.953248232094212833e-01
9.982001993026565767e-01 1.102701931654623380e+00 1.034496765742716207e+00 9.720576872145272329e-01 1.059581218897631461e+00 1.000956714312223550e+00 1.061966072780803794e+00 9.993965683176817549e-01 4.892032784493809405e-01 1.130767585667217912e+00 9.833819279841119476e-01
1.007394092721112022e+00 1.010400469455674077e+00 9.582202006751548984e-01 1.194766085720401216e+00 1.079531828076629729e+00 1.010590947181237986e+00 1.058583817984469322e+00 1.103246732950777576e+00 1.154080487717441761e+00 8.284494345524240355e-01 1.004615709138244384e+00
1.010296390297527269e+00 1.045883016008470001e+00 9.346282082503102329e-01 9.469060407346345798e-01 1.092155738533787890e+00 8.870736333336068924e-01 9.268571996390021495e-01 8.530430144506465640e-01 8.342672932558075072e-01 1.153815526353630050e+00 9.948125865174564098e-01
1.001148736336407552e+00 1.113838012770194563e+00 9.873432678462754630e-01 1.033578094503306621e+00 1.527916663830929389e+00 1.059702392296993256e+00 9.574159175049827830e-01 1.075865159378929459e+00 1.185491296494262992e+00 9.914205923167902501e-01 1.003035787319354943e+00
9.948908920692871583e-01 1.024583936068972578e+00 1.048078355248364346e+00 1.171188839922138403e+00 1.382197538359982714e+00 1.158291606267370932e+00 1.018504718483603133e+00 1.088465419301580361e+00 9.177722933261930338e-01 1.152254392409080452e+00 9.928914262435848403e-01
9.904826407546470923e-01 1.091296153822207682e+00 9.885813950985942178e-01 1.009498702946371118e+00 1.095869571873583803e+00 9.989241103361038432e-01 9.533187497818895739e-01 1.032173482036886858e+00 8.977985692185623812e-01 1.071194082508724499e+00 9.965741684736677541e-01
9.975897797383608268e-01 1.371775569245969439e+00 1.056728742561704903e+00 1.014746402903341282e+00 7.038461446188754023e-01 1.044592477603434100e+00 9.162219372932233208e-01 1.055503982728319246e+00 1.466865412868611607e+00 1.097990723765882803e+00 9.912391595450754656e-01
1.008137870502017197e+00 1.049470570270063075e+00 9.663239696856980032e-01 8.646379839576905368e-01 6.590453993164574475e-01 1.166117374570071918e+00 9.658426109666453652e-01 9.445749313980147388e-01 1.077057923007765927e+00 8.421955808570229518e-01 1.014765584152258704e+00
9.934145096916683348e-01 5.631922063118373067e-01 1.065587232926011874e+00 1.147487953008004213e+00 8.787088933308262462e-01 1.069150198331940027e+00 1.000564610763648776e+00 1.185147372126320819e+00 9.728439191175860534e-01 9.603012615045407596e-01 1.003528159726763125e+00
9.940674187481375323e-01 1.124086645132071238e+00 1.047581233480508134e+00 9.376542398571946491e-01 1.300086294277621901e+00 1.060840532609266695e+00 1.116114806056631936e+00 1.203544432894969152e+00 7.562137832171862417e-01 8.766594676899641669e-01 9.921228490477849160e-01
1.005172376311137539e+00 1.103245948566896617e+00 1.007379718071537811e+00 9.389510878939755223e-01 8.772871159011591535e-01 1.003269737454037358e+00 1.148557048618635168e+00 1.044642887104016538e+00 1.279101905618959645e+00 1.155498733449480397e+00 1.009191305019747187e+00
9.992038674669051490e-01 9.645850975418068796e-01 1.020997139672495502e+00 9.896316885574670819e-01 1.103205922547614959e+00 1.012388403027088657e+00 9.884974066488841915e-01 1.119709895929765109e+00 1.223890096908350822e+00 9.879413278490253303e-01 1.004271858425140884e+00
9.985940201586338549e-01 6.559948204757916068e-01 9.650897171731110946e-01 1.021435208712167642e+00 9.190005471355179312e-01 1.040851010879611183e+00 9.513400046884669115e-01 1.026291097595960711e+00 1.074494465268439836e+00 1.042487740133113849e+00 9.826480976475524542e-01
1.009319546600601747e+00 1.003019282983311555e+00 9.457358309681435093e-01 8.679395690675139052e-01 7.918437749332911668e-01 1.019845368023614585e+00 9.666823463890898971e-01 9.798682757656685949e-01 9.370297978991728449e-01 1.135918853022409358e+00 1.007779391999649610e+00
1.002349856543308659e+00 1.209371398154003963e+00 9.836388059112655124e-01 9.058251362318200384e-01 1.306830503881195815e+00 9.390075220722744476e-01 9.229626480089183627e-01 1.040016844602746904e+00 5.195157227660069932e-01 9.332198342874151731e-01 9.972514394313147790e-01
1.002092649623423926e+00 9.383220929448241598e-01 9.709739472896656842e-01 1.010988307816066856e+00 1.177377700952996875e+00 1.139953491683773912e+00 9.725444001847369790e-01 1.036425966563391032e+00 9.248465237477088152e-01 1.068335171881497958e+00 1.006322323903187987e+00
1.001226851724158040e+00 1.013725273431915319e+00 9.706948209812223949e-01 9.359287252053313244e-01 9.293606348474537926e-01 8.392935165579076262e-01 9.852190977682508954e-01 9.187056301975767836e-01 7.795129669728166899e-01 8.192399591575943996e-01 1.017676093245375002e+00
1.004579235558670680e+00 9.363786307912553841e-01 1.051693603679133782e+00 1.066824972042419439e+00 1.225234061574457689e+00 9.860593548502124550e-01 9.601254400180309068e-01 1.193078663348887236e+00 8.265487436865198712e-01 1.176744907724307287e+00 9.846208474256433751e-01
9.986557198743081232e-01 9.656788556327338124e-01 1.037446367119400081e+00 9.973006136608949523e-01 7.785421680778130682e-01 1.024554631816849692e+00 9.679469645861150662e-01 1.147296491156238663e+00 1.256077875400175126e+00 8.726382817906275235e-01 1.001258147242002572e+00
1.012282495593068932e+00 1.212624638483703166e+00 1.013265534937386692e+00 9.551256182413674356e-01 8.976557998373039249e-01 1.151340145734480291e+00 1.083226463428561548e+00 9.784189669564251624e-01 1.034548959756502962e+00 9.575308687939743102e-01 1.005757905264736296e+00
1.005788139413746896e+00 9.730626929544013981e-01 9.570784292008226446e-01 7.156083308886049821e-01 1.404830086778171561e+00 9.671184612236186640e-01 1.068391712695063056e+00 9.447868276989425107e-01 1.061020454870128971e+00 1.000223305304419164e+00 1.001894402077693647e+00
1.001921382775964098e+00 1.104722426209114650e+00 9.818404258673256724e-01 1.178170166648584871e+00 1.333749804874490907e+00 1.065811083646906354e+00 9.479023674640588704e-01 9.833320913726513179e-01 9.263777897135824224e-01 9.568419101633812707e-01 1.004337110297325975e+00
9.889151864097747158e-01 1.069009668334095053e+00 1.045895719734364793e+00 1.039494106538094487e+00 1.126435740742088409e+00 9.624681999247810538e-01 1.022806138648180596e+00 8.970962404895951314e-01 1.186728002525416770e+00 1.073523943758797561e+00 9.978024291287653780e-01
1.011530324955443705e+00 9.439547270525469047e-01 9.690888650896380963e-01 7.397058863181737998e-01 6.468983146250639749e-01 9.999460149697632083e-01 1.108844780693247989e+00 9.387797383642628724e-01 9.215270505347565866e-01 9.304985356596914281e-01 9.941979934225730897e-01
1.021847727475571954e+00 1.008020975844746925e+00 9.899454880261761014e-01 1.078957296086701101e+00 1.121407780680518940e+00 1.145434145872344933e+00 9.768562842909743749e-01 1.045217883191122965e+00 7.864809145357122278e-01 1.286020327063823965e+00 1.013389935353993243e+00
1.003353596580842444e+00 9.322103173684725963e-01 9.845265691349229797e-01 1.024686952146452112e+00 9.356749730545594890e-01 1.130867740464573279e+00 8.796288800474048042e-01 1.034713246092590744e+00 1.029856011701895779e+00 1.017193739068253722e+00 9.941265737539417557e-01
1.008021715740758939e+00 9.416203249743266834e-01 9.908623645727541174e-01 9.525058261465904064e-01 1.193802594609453260e+00 9.393972781769233116e-01 1.082141977316442460e+00 1.066691428652247531e+00 6.120397943452702272e-01 1.292551668834933443e+00 1.003433273592057251e+00
1.008570853776618037e+00 8.118337602063694369e-01 9.392757127074170542e-01 9.101015199702693348e-01 7.340402655705132728e-01 8.927835945796207540e-01 1.014705463808382557e+00 1.090227970296031357e+00 1.180849788410261558e+00 1.064889732879511275e+00 9.885188747805589982e-01
1.006031680291312291e+00 1.009306666659413709e+00 1.002947525426109765e+00 9.512000764018497811e-01 9.729897192797454242e-01 1.079155479579420929e+00 1.091199115124189545e+00 9.506059943525850819e-01 9.985802523291716914e-01 9.118478400073825041e-01 9.926904968600140933e-01
9.947685598912897609e-01 1.338763896275230847e+00 1.046046109153227155e+00 9.760279018307668197e-01 1.185768269430872213e+00 1.132755243950858137e+00 8.790304521998008047e-01 1.105422163121506429e+00 1.090814227880260834e+00 1.215660165039371687e+00 1.004664509534180850e+00
9.982430043411733012e-01 8.677756311278368440e-01 1.027934511090038194e+00 1.065922001410158471e+00 7.861412644811527350e-01 7.647841423804428995e-01 1.031238536607233858e+00 9.271119175623389053e-01 1.273666030376023439e+00 9.354556742032726913e-01 1.000394895745500667e+00
1.009108892728524332e+00 8.708491159096275469e-01 1.058460160450561460e+00 7.488055088565113149e-01 1.080055657385507795e+00 9.574631936935604770e-01 1.077528429683692668e+00 1.080293313362465923e+00 1.024148561781302647e+00 1.108696384362473752e+00 9.964136666178835533e-01
9.887785759663371143e-01 8.603030431454580240e-01 1.060496730715382974e+00 1.050672506382753335e+00 1.320027470578639894e+00 1.066420252971748361e+00 9.302440182292462945e-01 8.987527517023095047e-01 9.122178710139867697e-01 1.124969522339381411e+00 9.991568479124363078e-01
1.005539617518351969e+00 1.108891993839236756e+00 9.512424409744210108e-01 8.943452207092492667e-01 1.001974445403670977e+00 1.043656648734374581e+00 1.086355798850010546e+00 1.085471336160103606e+00 9.053277733934429472e-01 9.868478836061304049e-01 1.007902898010037296e+00
9.924004771208887465e-01 1.024077926250258175e+00 1.014212235356841019e+00 9.448659855727306045e-01 1.201454872490920645e+00 9.867765519580387057e-01 1.046611806124170263e+00 1.099496295630070453e+00 1.393242109234989146e+00 1.106536970950070087e+00 9.843163704032992234e-01
1.001057767502687268e+00 1.122080145279692687e+00 9.604424789856410571e-01 9.343463149889515984e-01 9.945893741656370857e-01 9.932416142293160055e-01 9.279673754108254125e-01 1.083777661513253721e+00 1.316448030989555207e+00 9.300536219004473804e-01 9.966612351179539031e-01
9.845965486706516057e-01 1.101866638340435189e+00 1.103244803056922407e+00 1.000761780694598091e+00 9.882545250931744629e-01 9.569594180066176570e-01 1.025864387017543011e+00 1.057280714618464401e+00 7.278392060261722474e-01 9.061893394434976656e-01 9.997855008421100420e-01
9.905371849357831326e-01 1.308769376535179996e+00 1.022113334275770447e+00 9.313380928082737320e-01 7.737720261378169262e-01 1.107300992057893341e+00 1.200988282380986316e+00 9.487078856962316564e-01 1.056218400853535577e+00 1.023950819736986650e+00 9.995257020365538869e-01
9.947117611822996475e-01 1.170534213885317421e+00 1.085421762051811845e+00 1.016366099480752627e+00 1.140628095187988800e+00 1.038722250842999628e+00 1.023659414366425935e+00 1.139642692499736931e+00 1.093301518545487294e+00 8.372369878142587041e-01 9.886971782754050420e-01
9.931462697374910942e-01 1.132311769973607829e+00 9.922045901300601267e-01 8.618885647048962761e-01 9.789413892582129462e-01 9.138775579810545224e-01 1.069447172149307290e+00 1.145665395969090339e+00 8.933947223224453227e-01 1.127285540817836385e+00 9.796872478431334352e-01
1.001975738277173678e+00 1.063540692503691432e+00 9.773923818111247552e-01 1.076568773066194584e+00 1.290583517329067398e+00 1.016712987277472724e+00 1.059640312169772614e+00 9.347669469028074829e-01 8.993605413633178891e-01 1.003675067980504210e+00 1.011244842092829277e+00
1.009737692995525071e+00 1.055414731676348472e+00 8.922821429552216799e-01 1.022546177964957836e+00 1.452338032246667243e+00 9.366965950299065424e-01 1.055224375491342403e+00 8.746098350181638059e-01 9.531712798840340506e-01 1.149186855489390258e+00 1.004171690203154998e+00
1.013187505565636970e+00 1.077757721034637406e+00 9.470091242037708135e-01 1.133603712407827313e+00 8.615876132521913533e-01 1.030428827064977737e+00 1.057411096988277066e+00 1.101751329318463535e+00 7.848751944273811842e-01 9.923553904440211015e-01 1.006814065589061391e+00
1.005075592108883642e+00 9.605482758049121994e-01 1.042741592862634459e+00 9.706234137214390101e-01 1.021738107342078150e+00 1.045922393715003729e+00 1.041435312547860148e+00 9.504847799098244954e-01 7.128828328620562260e-01 1.047722601456146041e+00 1.011423810773862009e+00
9.882088110712483608e-01 8.230777404876119530e-01 1.018408481264722720e+00 8.331730317125094487e-01 1.014727653218542747e+00 8.617807807805242248e-01 1.119103042711152352e+00 9.936483617113576194e-01 8.455575325433885014e-01 8.123173048799788853e-01 9.830443868805900376e-01
9.919736522723859862e-01 1.062336908756088105e+00 1.027633616983499643e+00 8.451019874594014603e-01 1.116584633340114374e+00 1.096712533441969173e+00 1.060459566660326036e+00 1.142134120154335131e+00 1.233762090242127574e+00 9.501116156591025153e-01 1.003867564204591334e+00
9.909239150449729028e-01 8.281004798785714938e-01 1.073631512676333388e+00 9.041652155865451679e-01 6.443964453577715190e-01 1.038020765265457390e+00 1.155381454152685894e+00 9.758191387868683231e-01 1.222245485273790067e+00 8.735878469961442239e-01 9.890776800596410290e-01
1.005116997038046023e+00 7.890542510592184478e-01 8.470846299175491811e-01 1.001700344849902002e+00 7.959836478553693473e-01 1.020537192092077605e+00 1.032257111019207807e+00 1.291131531244061659e+00 1.287365641050242093e+00 7.447369439412732106e-01 1.005375950926232331e+00
1.016057967008206386e+00 8.559919680100918082e-01 1.038566514545241848e+00 8.586469403958125746e-01 1.121097747024548674e+00 9.814789274180235612e-01 9.519654200756119122e-01 1.112661660387749274e+00 9.866056526043883723e-01 1.097053572014962786e+00 9.928578904980509545e-01
1.011893891011321545e+00 9.554324244441000369e-01 1.049756406554709809e+00 9.836024696694386504e-01 1.099813320509227310e+00 1.030977134390304473e+00 1.010769601338958434e+00 1.013065013678051907e+00 6.651937569083661295e-01 1.308774608853950250e+00 1.003761288144431107e+00
1.005714592506447458e+00 7.178343554197195164e-01 1.041036385701572753e+00 1.056482112726819134e+00 8.239701874874613141e-01 1.077055904243153117e+00 1.048039235845851902e+00 1.068399317419244987e+00 1.122346927781255443e+00 7.504989042547481892e-01 1.004142480973878593e+00
9.993527212266054560e-01 1.118609287080123638e+00 9.495286178553739020e-01 9.605587296220042814e-01 9.719636172549848130e-01 1.097690752320513941e+00 9.982773774515512066e-01 8.833480616228353011e-01 1.047279621616066025e+00 1.161136380022517400e+00 1.008954566845370104e+00
1.014198359235590097e+00 9.147981599037859901e-01 1.107830656731464858e+00 9.147207255139268023e-01 1.138358085216959470e+00 1.024004223937467373e+00 9.033013370942010178e-01 1.022116102629166967e+00 1.072917062394519672e+00 1.017709190079470583e+00 1.007154721130876229e+00
1.012710210025599356e+00 1.086701092245074607e+00 1.039913151301041561e+00 1.010345962125856145e+00 1.133466178240746913e+00 9.812354969137503380e-01 1.030888049444768972e+00 1.086301924889939707e+00 8.759493218695911798e-01 1.083952242565135560e+00 9.894265387268275092e-01
9.975196487277296908e-01 1.224651266192473331e+00 1.082768202271426006e+00 1.114667015155450080e+00 1.057576712069275393e+00 9.663585633459721436e-01 1.169493449437031263e+00 9.952183393305391590e-01 8.500047741780467625e-01 9.122409428712048296e-01 1.005448393985858502e+00
1.004902181443843467e+00 1.041660655890736420e+00 1.079991612596442829e+00 9.662263805200176359e-01 1.228894552292477904e+00 8.761421186684210660e-01 9.540528020735513648e-01 9.428033788513056068e-01 1.199479371036565878e+00 1.083419313347600665e+00 9.978388424273474389e-01
9.970670354599656671e-01 8.811328469462491597e-01 9.283583756332209891e-01 1.017746624678207645e+00 1.064945278144892704e+00 1.001063856897166371e+00 1.035502116780459669e+00 9.362392217450149490e-01 9.844363912155392748e-01 1.201242617329781881e+00 9.886076850763907409e-01
1.003887600822018999e+00 9.124605427052290274e-01 9.724283109298604844e-01 9.987526476397796671e-01 8.867053357171545969e-01 9.915623128578693324e-01 1.050169566439634883e+00 9.637074278573712904e-01 9.548688787952677171e-01 1.035955715081332551e+00 1.004787241469639048e+00
9.969272844352564666e-01 9.291633994114831818e-01 1.006080589573713269e+00 9.956238206698393434e-01 1.165491454455316767e+00 8.661060449422451901e-01 9.194964451253081483e-01 9.223741379842068655e-01 1.078167788781703385e+00 1.097770731288628676e+00 1.018127439143112767e+00
9.919239416467573456e-01 9.473082774586759625e-01 1.013474548489367910e+00 9.918115939452900598e-01 1.179345000257096210e+00 1.032671462357685588e+00 9.368554655140713949e-01 1.196841139513046937e+00 7.466480500529308895e-01 8.815613323887286912e-01 1.001440837318872346e+00
1.002583007776227220e+00 1.109140647404035729e+00 9.875563639128134286e-01 1.224587255664464358e+00 1.106140133815198157e+00 1.077655354595053572e+00 1.026928741307742809e+00 8.557228105488173808e-01 7.872670734157963812e-01 7.190247950304469171e-01 9.934852899719044395e-01
1.002841567732642991e+00 1.156229432431393533e+00 9.507698964534174735e-01 9.848225368489694764e-01 1.288466247237566753e+00 1.029752496652541982e+00 1.112756845855508825e+00 1.039233520058843396e+00 7.954455013577552691e-01 1.004322849671539064e+00 9.888542181399193609e-01
9.975400666339816480e-01 1.014707130449835182e+00 9.991800000174886343e-01 9.929832472463948623e-01 8.105330612069820972e-01 1.105625809454463093e+00 9.396115840439952516e-01 1.054857665692494173e+00 1.024562763502115725e+00 9.155176664236892581e-01 9.787397378939507453e-01
9.896923021481173199e-01 9.642161722711461991e-01 1.014983379584325274e+00 9.790138572161671826e-01 9.078471472557702038e-01 9.662006274541697914e-01 1.065796962332230313e+00 1.104920180290999809e+00 7.097032977763583217e-01 8.060326995627072888e-01 1.008008874670473176e+00
1.017218420131629442e+00 9.321454620145850356e-01 1.031112186431655697e+00 9.479581845228018944e-01 9.146068836476799468e-01 1.025601830949728122e+00 1.044197320011522878e+00 1.149326293159167456e+00 8.542200907621605444e-01 9.680470759395132241e-01 9.827935126436460056e-01
1.020674821747020067e+00 1.011167256343674881e+00 1.055304184705796233e+00 9.191558533005641518e-01 9.320404290122443758e-01 1.074191926279036036e+00 1.099174222836854398e+00 8.604898769913448264e-01 8.681999967983997646e-01 8.628350934484183554e-01 1.006218093923408663e+00
1.006352752893447500e+00 1.027822977232076829e+00 9.910789456749271586e-01 1.022643734040072028e+00 8.190011226620443896e-01 9.111709101276798117e-01 8.958781460224761739e-01 1.037001537493763559e+00 9.463567389953531084e-01 9.732127531747151172e-01 1.023469261579510459e+00
9.959545802993698960e-01 1.138284316469962310e+00 9.257159995961565802e-01 8.207830095540402660e-01 1.195676436904814288e+00 9.130799775194262669e-01 1.110673776419623060e+00 9.762602187553849342e-01 6.483314791275629485e-01 1.145837486662112603e+00 9.976010622665972827e-01
1.011253145095379669e+00 1.201853586209951752e+00 1.062884734058407998e+00 9.411065987486028073e-01 6.972122392610744512e-01 9.757525189670839261e-01 9.778279825209275078e-01 1.012661540200485932e+00 8.604784775581634237e-01 1.005605537405694694e+00 1.009288386392014347e+00
1.011797138991010092e+00 7.768417607423120375e-01 1.074287909902716276e+00 1.131808384611783458e+00 1.090573928694005712e+00 9.080467931696752926e-01 1.112528427263310915e+00 1.148181140261268052e+00 1.124383623360577955e+00 1.074274024245674086e+00 1.002915876765734460e+00
1.003725139400103883e+00 1.044990609971536477e+00 1.026687110809827663e+00 9.827250179819706499e-01 1.024925874488192834e+00 1.007262873211232534e+00 1.020893254418762996e+00 9.732145208846274542e-01 1.019624008211346355e+00 9.843906216076392379e-01 1.007328246014656870e+00
9.932657708823263709e-01 1.094688849022523947e+00 1.033184302436805257e+00 9.587387277115548834e-01 1.206478443654532606e+00 9.948079766753977760e-01 8.637852493786817298e-01 1.158336059307218502e+00 7.522267551130719099e-01 9.148147879024444151e-01 1.003918257829431671e+00
9.917016140384181666e-01 9.590646195122061179e-01 9.878240227819540253e-01 1.106396124502770695e+00 8.671999033294028880e-01 1.004510588870801024e+00 9.935162990439233566e-01 1.004392490496550661e+00 1.000187741445730305e+00 1.205198033005970615e+00 1.016647725541061975e+00
9.892941110027383411e-01 1.029015247647131259e+00 1.067210349356690680e+00 9.667121296714359380e-01 9.593894244248281078e-01 8.709780578023850195e-01 1.027096485865349962e+00 1.100101497739622625e+00 9.237109749993595020e-01 1.020677842668845203e+00 1.005651007404978259e+00
9.989512778959053207e-01 8.782856092478464882e-01 1.004281174478269811e+00 8.230109663953850685e-01 6.030268333849090334e-01 8.970444342801991988e-01 1.018671069521806416e+00 1.166469429825309323e+00 1.005133540088939181e+00 1.138521204978989232e+00 1.026292335852550641e+00
9.976725454275175986e-01 1.043361994782950219e+00 1.037201445005775824e+00 8.435234792347874322e-01 1.074440183600218424e+00 9.735945051254952798e-01 9.644747666511617190e-01 9.510135520937855746e-01 1.048051404985905988e+00 9.017220227296788293e-01 1.014964646380398072e+00
9.863967742321114729e-01 9.140300757847389379e-01 9.768161096506691177e-01 8.746213988811348816e-01 1.097023389406413640e+00 9.304980587654614332e-01 1.104594107329417652e+00 9.200040958243572708e-01 9.807498213268277532e-01 8.860032211070222319e-01 9.904949004867287243e-01
9.839895255124746498e-01 8.111086306849566441e-01 9.282017358947134422e-01 9.457079183746583961e-01 1.211184979958092489e+00 1.145873594956749564e+00 9.482787159503027752e-01 1.076794951777984899e+00 1.032777047873437271e+00 1.070499285967941416e+00 9.980526994949052710e-01
9.954014579151646558e-01 1.244471949431658286e+00 1.025335477959573804e+00 1.094382598983089538e+00 9.815292354239234518e-01 9.017886255420124453e-01 1.078149998246308083e+00 1.212153505575300105e+00 7.391299745799714271e-01 1.085215284466904073e+00 1.016314218290925053e+00
9.992294213722502372e-01 7.314889417146455131e-01 1.021398371546782702e+00 1.120766937588699941e+00 5.645941281328186179e-01 1.018946427996279658e+00 1.061791843599278140e+00 1.119908000388214919e+00 8.649252938018213710e-01 1.015363139069427767e+00 1.000375853357271971e+00
1.002551397564689362e+00 1.140520622942237550e+00 9.350630739819471016e-01 7.941393822840536743e-01 9.463251614856176275e-01 7.680969041775521644e-01 1.185427000129354091e+00 1.032672965963870926e+00 1.084364072161928982e+00 7.676265091618609260e-01 9.811774217477354787e-01
9.920146968814536059e-01 1.100626426343095821e+00 8.906665155605464346e-01 1.073690385167655803e+00 1.011308352536247179e+00 8.091519918921268317e-01 1.056884081484061433e+00 9.072217504272096500e-01 5.927987279597874970e-01 9.594272275999383703e-01 9.893384929242770021e-01
9.718834582255927446e-01 1.055783058498429794e+00 1.020462233411070452e+00 1.186138387724296583e+00 8.283633410933595176e-01 8.488226008692433266e-01 1.194516309620397676e+00 1.049102182740337952e+00 1.314673534304716229e+00 9.838999397651422285e-01 1.014616846412757178e+00
9.995664240140573753e-01 9.959011680291094404e-01 1.055026959606153225e+00 1.091340409314333071e+00 9.104326337723023244e-01 9.415521381127492928e-01 1.048585334438890682e+00 1.014955143864738174e+00 1.025088890160405164e+00 1.446111544771091939e+00 9.966207948129935934e-01
9.923458865127946504e-01 1.059931687048126792e+00 9.054692624749978158e-01 1.041523923606970881e+00 1.548423409809032592e+00 9.149880753330802419e-01 1.013555246033929658e+00 9.819826516616848577e-01 9.630168053802095063e-01 7.014478145271365594e-01 9.979803363025766538e-01
9.806791943031603065e-01 1.185024418659105905e+00 9.842587037703129926e-01 1.016812318198944132e+00 7.258774002504924105e-01 8.244539984796822596e-01 9.608752690159848564e-01 8.668846104459819735e-01 8.638860746110479383e-01 7.880623064165928060e-01 1.003822484182565145e+00
9.944463700822293584e-01 1.093405704523839450e+00 9.502328027488425866e-01 9.340837640010267728e-01 8.000241759074807613e-01 1.011727167751837797e+00 9.319121737825227791e-01 9.703432837016292556e-01 1.347443103957758348e+00 1.006034941553819229e+00 9.954894514293836094e-01
1.012604176136714607e+00 7.910272884690797701e-01 1.005819533108200048e+00 9.806210776826081998e-01 8.134421854013478281e-01 1.091432459666983990e+00 9.191631746919203261e-01 1.041461538636682782e+00 9.848975465639915328e-01 1.066500073306484664e+00 9.893233417331082080e-01
1.002317557220167243e+00 9.691996441318759814e-01 1.055655103688548646e+00 8.775914538755817951e-01 8.259422025845006843e-01 9.059844371418106501e-01 1.016826378274412024e+00 9.254724812844279391e-01 9.362580116423575571e-01 7.374480259141811267e-01 1.007729098485103725e+00
1.000248369714126007e+00 1.215854928743945740e+00 9.747357177131141803e-01 9.213067466824779173e-01 4.680420142514792881e-01 1.072040824712733764e+00 9.715973654691610895e-01 9.390642678141095656e-01 1.318780110464309319e+00 1.049073031920233490e+00 9.977652034466222286e-01
9.962681015813976693e-01 1.066612661844792864e+00 1.024572436491018479e+00 8.051849381921764026e-01 7.434916696088212928e-01 1.175140455579357646e+00 1.116713693980303290e+00 9.562481816439617477e-01 1.255870324205332622e+00 8.827957141367834826e-01 9.984237885447808658e-01
9.943298521933242595e-01 8.019402833665281172e-01 8.974688859593445978e-01 1.136280328797606431e+00 1.008676654309653253e+00 8.333841833778057318e-01 9.138539722209514382e-01 1.079797398297209332e+00 1.227618986053903738e+00 1.154690998070617258e+00 9.923887303025669127e-01
1.001972888691002872e+00 9.831303061610485727e-01 9.612923166137349318e-01 9.603396602117915126e-01 8.460400600946115235e-01 9.347483911030656234e-01 9.919367176311927325e-01 9.863477432631623243e-01 8.333913342545204994e-01 6.903908478458400388e-01 9.804388126435052975e-01
1.014373215627255131e+00 8.498155967363475449e-01 1.059951710235275346e+00 9.954508756620650267e-01 7.993275328647201361e-01 8.124440373453676312e-01 1.138504388001282175e+00 1.028447185879411307e+00 1.008349261185337520e+00 8.964021816622181893e-01 1.015266117892678510e+00
1.007898926320603294e+00 1.032084026254153075e+00 9.736177015040884397e-01 8.844406252403856916e-01 1.353254351619573859e+00 1.021447515784669413e+00 9.582386997777491144e-01 8.649037282481061295e-01 7.830838904950063739e-01 1.057764640169299941e+00 9.910753139531481848e-01
9.993279973213908818e-01 8.407421336042832927e-01 1.082320931329200153e+00 1.051665442783949134e+00 7.412209856449900602e-01 1.220690635342722263e+00 1.030275505526640600e+00 1.182109562161586247e+00 8.168464505131876052e-01 7.847475361362510338e-01 9.881648801600689813e-01
9.990691464301332259e-01 8.143686120014786978e-01 1.070600309192683453e+00 1.111099295277744314e+00 1.283410099930702319e+00 1.128272711049369770e+00 8.264070525577432713e-01 1.021265830834275468e+00 1.017561071649481175e+00 9.701099564565656141e-01 1.006574420559162020e+00
1.009610918057479712e+00 8.295530163774442745e-01 9.329654077314522009e-01 9.883724361651745616e-01 9.943041803697445502e-01 7.370209645824954414e-01 1.124863091627112288e+00 9.476039651947274489e-01 9.348238142729466960e-01 8.356632983122365133e-01 9.982571159005239059e-01
1.002643698745978362e+00 8.882212204286383805e-01 9.742691024255116794e-01 1.093610751890054411e+00 1.115625853994210104e+00 9.774658733520877885e-01 1.100658080238558378e+00 9.853935118200048970e-01 6.014927054527563488e-01 8.867668833008043316e-01 1.001140068803835659e+00
9.899774389565128008e-01 7.659701461700261227e-01 1.018683175662813634e+00 9.320372755284341837e-01 1.151099634051542697e+00 9.579095075547320315e-01 1.058253920311587715e+00 1.014205237220463296e+00 8.293973598054289464e-01 1.195027526062532930e+00 9.798755590579957264e-01
1.010906559042835218e+00 8.922128769174301199e-01 9.364688315480959035e-01 9.896800064228656879e-01 1.156485197864859593e+00 1.124242212831656262e+00 8.923713981767018577e-01 9.078570235570271318e-01 1.000926064999472231e+00 1.007410171592599823e+00 1.009016696960107096e+00
9.892276960688087817e-01 1.276988090690643896e+00 9.884489398620781575e-01 9.113471706939321182e-01 9.053949947486207295e-01 9.973501469431341748e-01 9.022660501252396381e-01 8.808135378757285805e-01 7.761212173181777363e-01 9.208312822753841331e-01 1.005553570491119153e+00
1.012914868160116333e+00 9.105505614129810743e-01 9.963086107203146247e-01 1.023560946413736961e+00 1.354330183656623721e+00 8.543622201202549782e-01 9.159657529741741522e-01 1.065014990430615871e+00 8.512228665302876696e-01 8.849306036842194967e-01 1.009116945455525105e+00
1.016321882281232103e+00 1.165086938057622312e+00 9.716698195519483106e-01 9.052027742800901056e-01 9.912317846935940757e-01 9.838450139567213037e-01 1.111814444612670538e+00 1.046806372101824145e+00 5.020476723966429411e-01 1.170361221947726404e+00 1.013254741124172131e+00
9.886789720583983865e-01 1.274401015269510218e+00 1.001070583261891578e+00 1.235492459867122195e+00 5.809980981174861503e-01 9.895095122568722257e-01 9.444509495306518954e-01 1.007259203465348252e+00 8.665869661163326798e-01 1.061460432443893209e+00 9.840258625769768841e-01
9.856329000039147914e-01 1.169305859431097439e+00 9.894688541182828923e-01 8.707953133669094070e-01 9.532115147977097136e-01 9.924055225919214962e-01 1.034816439204927718e+00 9.665334886576296691e-01 9.802659039492684911e-01 1.136654789314125447e+00 1.001957250117641252e+00
9.955424648698609769e-01 7.833592793027061019e-01 9.300148002747051779e-01 9.944585590593250091e-01 1.091253798278515541e+00 9.033867999796240111e-01 9.979353610128273155e-01 9.900042596476250623e-01 9.150841677596952550e-01 8.518881560889028925e-01 9.866046109935971975e-01
9.870627469452494251e-01 9.074485479755947104e-01 1.004376080784302072e+00 9.874009711735087791e-01 1.124846150848950010e+00 9.327526437729048991e-01 9.735487858070043243e-01 1.083330019836806102e+00 1.163693097448435632e+00 8.823951412998932708e-01 1.000769393865123869e+00
1.003294954753418011e+00 8.060161815156989817e-01 1.014348458023196065e+00 1.061123221203831068e+00 1.160414638498005635e+00 9.436836564750101797e-01 9.305325555582432129e-01 9.719495518360951047e-01 9.561193526584829128e-01 8.947560443384842133e-01 9.915865237125504050e-01
1.015805757511456964e+00 9.867710140852811174e-01 9.827345458709674242e-01 9.426524028801899213e-01 9.794813482735001964e-01 9.120804679805645243e-01 9.711759466824785303e-01 1.001392383589482682e+00 1.139826517836771691e+00 9.542429547880993956e-01 9.816178084234935541e-01
9.968114317234038069e-01 8.184105730777657683e-01 1.002885959131992077e+00 9.960067346856131820e-01 7.351114948320985887e-01 1.080088037017379987e+00 1.135759561219948033e+00 9.262737438492624209e-01 1.156935812374290773e+00 9.580474616015294265e-01 9.967199342698487285e-01
1.007426227788411621e+00 1.279225727833541715e+00 1.014614360172951812e+00 9.300831194596043128e-01 1.050337632944062349e+00 9.544095319172650749e-01 9.342301986426383431e-01 8.675463055976375681e-01 6.346200924149330014e-01 8.074746601465101481e-01 1.007003959286029593e+00
1.007330867479892644e+00 1.223590567535647766e+00 1.079840766147214470e+00 8.833366764815817618e-01 1.285479152066187680e+00 1.147706022385837299e+00 9.291670614814324658e-01 1.133907662794491511e+00 8.585585498293898388e-01 9.686936371459748951e-01 1.000959012325739916e+00
1.019062157499956767e+00 9.445623048843952985e-01 9.712330821103841716e-01 1.034193544982777935e+00 9.908975336767376074e-01 8.965487318475470202e-01 1.004457569297811048e+00 8.998765261209900057e-01 8.769004415259014085e-01 1.252400369819737014e+00 9.741488154356598983e-01
1.009243307001881140e+00 7.785697171005587780e-01 9.431124353647664105e-01 1.007646792039608830e+00 1.027505253491761028e+00 9.001938213542999279e-01 9.489939260724260528e-01 1.024632810562131846e+00 1.083410826875639721e+00 1.141144328713078693e+00 9.785203892899495548e-01
9.811105265309039147e-01 8.929418867049299102e-01 1.020892831620928920e+00 9.990526683329640223e-01 1.420823507802967400e+00 1.031610619352462788e+00 9.084335916808750078e-01 9.656888251506001719e-01 1.059076239765128102e+00 1.126582710229557804e+00 1.000555872215247888e+00
9.823179335439403692e-01 9.844617530714733222e-01 1.002711234614303670e+00 9.671840762566271676e-01 1.402196725155939294e+00 1.056498376888616031e+00 8.518678068612688392e-01 1.168423751803880029e+00 9.875325239494416873e-01 8.909457288858337876e-01 9.971393563652626302e-01
1.028614739769300623e+00 1.406943062813422074e+00 9.513561368946017449e-01 9.916007681060936552e-01 6.586533496606262750e-01 1.007876750174019120e+00 1.106079576147550814e+00 1.051964804674500487e+00 7.476993695680653751e-01 9.183258446378165241e-01 9.945872642753399440e-01
9.853507568109973747e-01 1.282624649761829883e+00 9.830300793910751178e-01 9.001637595368421341e-01 8.575677090330764418e-01 8.676290041131254904e-01 8.647651102316582516e-01 9.196608810842967774e-01 9.718964711769616516e-01 1.060744484578399094e+00 9.959114972290935563e-01
1.013550050933299973e+00 1.021167597411668515e+00 9.362043248759217562e-01 7.786499188654341097e-01 1.244616936741619995e+00 1.197454400979380829e+00 1.038316742245316782e+00 1.128268930562115635e+00 7.502595209795501763e-01 9.488414206173733101e-01 9.930064098206539125e-01
1.003472227410356910e+00 1.059122562090568209e+00 8.730517737196729078e-01 1.064986572652661945e+00 1.325414219378699077e+00 8.204821595717042282e-01 8.823065181708013016e-01 1.097086737616470575e+00 1.191106189373896118e+00 1.234643587396182962e+00 9.958055501288568534e-01
9.971524449181939920e-01 1.148083408409510398e+00 9.737096517243613025e-01 1.211367107849445901e+00 1.119210128218295797e+00 1.018413708915049343e+00 9.808461103387278168e-01 9.764789420418984456e-01 7.624822698878873650e-01 1.167916462740279160e+00 1.009719333754183879e+00
9.934862907321925229e-01 1.087751577636402844e+00 9.538678135742439945e-01 9.614829526344584876e-01 8.528722950727520846e-01 8.992598193385061833e-01 8.881933331652680508e-01 8.697008987555531201e-01 8.038427959396904354e-01 1.021293307151569518e+00 9.807565611581577913e-01
9.946840729202516274e-01 1.196998634527264072e+00 9.994008780607215314e-01 1.142407519025682827e+00 9.246081630672399188e-01 1.152198492264743690e+00 8.924733461956400049e-01 8.842891712900877721e-01 1.030463251637215416e+00 9.725132414578605555e-01 1.000596307311557576e+00
1.001798857473360949e+00 9.497010574527147142e-01 9.140565435670298111e-01 9.295880331923725981e-01 1.047034795936814477e+00 9.448908788454490892e-01 1.172439566083669282e+00 9.468047048596384130e-01 1.228963312834773669e+00 1.047209009119736800e+00 1.002010952042329039e+00
9.883020298719016328e-01 8.259534657171517802e-01 9.755703742277973545e-01 8.527723007206409189e-01 1.203037949123669348e+00 9.818304256002303720e-01 1.029922293413942036e+00 9.903732043942063967e-01 9.903060337982756423e-01 1.009545168118141545e+00 1.002404257104032359e+00
1.003435946628005393e+00 9.428380976639422206e-01 9.489879136630505752e-01 1.006102392610258356e+00 1.041971100444840648e+00 9.023497005610698896e-01 9.636023228804448948e-01 9.152701675970221773e-01 1.138099898016613709e+00 9.444844130401885973e-01 9.997385267017289134e-01
1.005584917554155133e+00 1.014104917962929564e+00 9.857296719811230457e-01 1.079796970906526266e+00 1.255536657410617707e+00 9.601553583035872252e-01 9.041893173647973514e-01 8.660129578597786093e-01 1.310844876704149398e+00 9.336507262389722728e-01 9.995135727340040965e-01
9.847430861591717211e-01 8.880286570726675377e-01 9.943688627661910751e-01 1.079633624405410108e+00 1.205860728468896026e+00 9.768232871590624145e-01 8.953286056405801441e-01 1.156513739326797241e+00 8.575262707675925800e-01 7.588896123663496640e-01 9.900625913991776272e-01
9.935250659374317284e-01 9.923917614179709190e-01 9.887163383113802828e-01 1.111145919894726886e+00 9.612945665294663211e-01 9.078857075364447082e-01 9.998094242343503746e-01 8.949881538964824523e-01 7.701676037679823228e-01 1.067696645562390412e+00 1.002052467810629732e+00
1.006380496407311975e+00 1.078639036103688831e+00 1.000994428161980698e+00 9.521357267511909583e-01 1.087344586428812931e+00 8.952546128447653739e-01 9.507526354694467718e-01 1.038958866001351122e+00 1.004260410164147022e+00 9.197389407220235569e-01 1.013794056273044086e+00
1.008465130701973411e+00 7.255382231281393146e-01 1.025122712491374877e+00 1.106135086002922208e+00 1.327946951963675737e+00 9.104515601576201878e-01 1.079664112483091243e+00 9.621660136711086553e-01 1.415701659544801094e+00 1.028035120659344326e+00 1.010840540180166780e+00
1.001461633888925284e+00 9.228854641135272319e-01 1.019046946759241123e+00 1.050388569116509130e+00 1.616773564118958229e+00 1.082541754289912506e+00 9.617849956642534615e-01 9.147720797011907878e-01 1.172349591249275846e+00 9.660135899481012700e-01 1.016550821025224538e+00
1.008245996090908259e+00 1.126365071119828309e+00 1.053147566890149989e+00 9.998293501930198834e-01 1.077732942815987194e+00 1.027664323977139027e+00 8.991249266232120840e-01 1.160595911615291964e+00 1.010968262869959444e+00 1.060049164024814194e+00 1.000624158460114321e+00
9.898493567256541059e-01 8.466386555522287249e-01 1.033843107925287441e+00 1.112862092037198991e+00 1.115403089467668973e+00 9.065629025642790717e-01 9.748330111483221039e-01 1.071070277734210485e+00 7.490141779130120581e-01 1.112975534035346437e+00 9.974095665836422153e-01
9.965548952309956077e-01 1.116515541490323615e+00 9.957888289783890512e-01 1.091815827945947781e+00 9.471409957875311925e-01 9.752384731360571601e-01 8.378709231170543559e-01 1.008299914233257821e+00 7.596004211442055620e-01 1.238443594340609799e+00 1.006006590757070995e+00
1.009866880992813076e+00 1.327426337070838791e+00 1.024535847792616972e+00 1.158261531234672903e+00 9.887924918913556516e-01 9.460110960805857561e-01 1.127594523362999368e+00 9.536607470710543044e-01 1.371774621287079832e+00 1.088056053106725374e+00 1.011331525806709486e+00
9.952470056096354156e-01 1.205867988071758656e+00 1.104043488330200606e+00 1.042959540084226200e+00 1.342461614327459474e+00 1.129137652741328157e+00 9.862333051349116975e-01 8.885871922121417743e-01 1.204915009182159880e+00 8.317212338806058147e-01 1.002007947239036412e+00
9.819019203772306748e-01 1.017743331337866319e+00 9.926980554333707518e-01 1.035347783647064146e+00 1.283108383388491536e+00 9.786148481243012176e-01 1.021897383463384434e+00 9.064127874145623265e-01 8.885541444940262545e-01 1.098837839564737129e+00 9.980207859391521108e-01
1.006007724800285663e+00 7.851099586167417099e-01 9.131005011225977741e-01 1.151304291769404742e+00 9.832356901689031092e-01 9.636125382802382955e-01 1.042434507787025399e+00 1.085246905592626154e+00 8.878373208335444966e-01 1.099250538084990847e+00 1.010553565013200705e+00
1.003922516719311098e+00 9.491063560904215990e-01 1.053561159088995725e+00 9.138866755591878999e-01 1.170209807799347246e+00 1.103020366969308386e+00 1.165970484836481580e+00 1.051473330898885283e+00 8.710593672051004654e-01 9.937536778978386387e-01 9.825248157254723447e-01
1.001674287114373119e+00 1.049204801587664937e+00 1.024963835982571236e+00 1.023125714366559302e+00 1.044028237174448925e+00 9.573161263742925309e-01 1.095599539631018748e+00 1.070429085951245751e+00 1.051956509167658149e+00 1.233168194522350714e+00 1.017990113514068984e+00
1.005680106016162867e+00 7.085944185760519876e-01 9.977949509690059449e-01 1.175839969076700076e+00 8.164092763334535041e-01 1.088156990201585073e+00 9.759037612141432394e-01 1.106689751279074541e+00 1.265465370534342826e+00 9.601438439548174442e-01 1.014425571526445857e+00
1.000275960238577788e+00 1.323652833512283022e+00 9.990199265919913474e-01 9.859890183044085488e-01 9.827496515595777193e-01 1.101293438473511799e+00 1.162281977525527532e+00 9.216586567699575072e-01 9.974009879194754014e-01 9.232824883875666577e-01 9.919447832025520828e-01
9.939955604462745731e-01 6.897189709436801763e-01 1.018185395661082682e+00 1.049382132513112298e+00 9.645383796021211875e-01 9.707113052816822574e-01 1.027432396435119522e+00 1.091776912044695846e+00 1.203461624371989558e+00 8.324567388544585889e-01 9.998338633083587723e-01
1.005869847113916915e+00 1.081182680057022560e+00 1.065092029912477978e+00 8.900593690395878221e-01 1.033192836437065276e+00 8.858035750459530844e-01 1.015102436029804878e+00 1.037395809706236571e+00 1.330902362681819717e+00 1.107594323224392108e+00 1.014277472198711560e+00
1.012133599566491071e+00 1.120821503378777173e+00 9.309364244746314299e-01 9.530100925831764824e-01 9.365339911813979068e-01 1.010012708451613062e+00 1.007724949429014805e+00 1.009547939534819028e+00 9.326540155814874167e-01 1.108004850341534953e+00 9.839987209385144817e-01
9.922685211482958900e-01 9.333143310475993104e-01 9.932813113783646175e-01 1.155724075955822716e+00 1.149583936876323431e+00 9.639071837361389283e-01 9.326156119856188198e-01 9.173677126385469949e-01 1.124814603262818347e+00 1.056513009064974806e+00 1.019065308231482003e+00
9.800937946093606357e-01 1.383075506813453481e+00 1.030135235901242119e+00 9.565854913896937317e-01 8.243667298040482372e-01 1.006983265261031546e+00 1.043028420411834301e+00 9.883718149398044162e-01 8.520822496450496386e-01 1.246760263324931506e+00 1.000972311242986468e+00
1.010406721294746735e+00 1.013018597920229524e+00 1.091785451900141979e+00 1.019117714679475872e+00 9.432173627431502672e-01 9.530717989784984745e-01 1.002916914065404397e+00 9.880061577882192081e-01 9.414839833080843601e-01 1.101663033964977334e+00 1.000803863609663225e+00
1.010452578263404622e+00 1.107088057806428161e+00 1.015368121134425206e+00 9.408482858666168402e-01 1.432059943749922848e+00 9.377419999417992980e-01 1.056474125410938658e+00 9.131713521048454574e-01 8.873732363827656622e-01 1.066034132139141777e+00 1.009964100090829486e+00
9.961467087975534040e-01 1.268888775422552406e+00 9.689964394391950009e-01 1.002078956045991731e+00 1.298550347586980624e+00 9.927794466326584910e-01 1.010793471482917649e+00 9.856732330937337805e-01 7.972643702358095386e-01 1.121338879313470649e+00 9.879149585726900717e-01
9.927417924697479190e-01 1.051813232897908179e+00 8.948517186439957083e-01 1.028172286806131153e+00 9.992131425854265947e-01 8.416528295989904596e-01 9.693922349241396175e-01 1.011452058690490485e+00 1.530206333697528898e+00 8.283687716229028997e-01 1.001654685672589418e+00
9.997861167429136220e-01 9.267543742257436934e-01 1.026137235034717321e+00 1.139403036362285793e+00 8.486381782925823680e-01 1.047261470890373580e+00 1.118122910388553048e+00 9.912851273665254093e-01 1.515010418070940945e+00 1.037267048560996496e+00 9.965216021928187118e-01
9.932001320308445624e-01 9.562352065765213904e-01 1.004796651281929298e+00 1.060910587124982873e+00 6.501761418863595265e-01 1.055117305245321990e+00 9.804786723175403784e-01 1.058972948514867340e+00 7.939144133966267169e-01 9.080383508652025704e-01 9.991165044076195656e-01
9.916546260967226134e-01 1.061675278020086211e+00 1.043771893450426758e+00 9.352785122365140369e-01 1.041176025348280243e+00 1.053911186774305619e+00 9.761337330355818187e-01 1.005150720013328502e+00 7.553262064541964582e-01 8.874745929403432543e-01 9.940248698478642009e-01
9.744116408323887368e-01 1.034842935359886251e+00 1.062766104456789762e+00 9.949182799823195200e-01 1.063450023289856716e+00 1.064753874192363892e+00 1.008546489398923329e+00 9.136922156319241539e-01 1.053004357857179718e+00 8.498915986274911960e-01 1.001787907875343331e+00
1.014162249851653819e+00 1.092117880985607359e+00 9.211070178518533380e-01 1.028348334180719803e+00 9.690494530591440281e-01 8.172542684095243093e-01 1.149707449456504937e+00 1.155383371948067062e+00 1.173490771663692200e+00 9.989039014244118775e-01 1.002758937493229086e+00
9.901092118058745228e-01 1.126925188089121121e+00 1.012664297612712261e+00 9.021848713276086063e-01 1.131099693678883522e+00 9.092585770931648215e-01 9.515380935618608094e-01 9.026854696652891752e-01 1.361598272779045882e+00 1.013628465074607909e+00 9.952271713058640223e-01
1.000525097357741977e+00 1.130029062650058647e+00 1.047085549881836108e+00 9.517446492638474975e-01 9.661302975902911205e-01 1.051714654608219224e+00 9.015766056780593063e-01 8.852337597209832820e-01 1.212911530942020422e+00 9.738401252328738877e-01 9.874948989190048820e-01
1.008403654211847744e+00 9.040515937105060296e-01 1.015977029799432607e+00 8.367550194067419067e-01 6.713064898731471164e-01 9.694332968636636405e-01 9.730697923506080871e-01 9.062025376973343871e-01 9.696208492979995208e-01 1.058372619277045956e+00 9.986673212435495106e-01
1.014805930574866677e+00 1.147597096647805071e+00 9.492133187009236250e-01 1.075792639251040406e+00 1.123995803899091595e+00 1.000415063852566400e+00 9.373462239396010975e-01 1.262441239710518248e+00 1.134459909802991495e+00 1.080295756659991557e+00 1.007306373901639684e+00
1.010607732297874817e+00 1.160738360901988342e+00 1.035883709022085153e+00 1.126115985949348808e+00 7.464943232699369213e-01 7.748339082561236379e-01 1.070465501919549034e+00 1.209166150275212903e+00 1.325707012212227198e+00 1.100807213048647926e+00 9.952476084506889364e-01
1.000615073755632078e+00 1.017365354241287934e+00 9.496520984007580379e-01 7.703387022907596249e-01 1.017074555508410194e+00 1.009228451477988120e+00 1.032704622343092238e+00 1.115029688891117976e+00 1.147428450558554136e+00 9.724550628321806389e-01 1.012156705867876649e+00
9.894231682711001064e-01 6.305170829019051126e-01 1.063402245100410148e+00 1.100362593029090341e+00 1.066318144540978174e+00 1.030205461928014987e+00 1.055698015166800730e+00 9.957075698284034715e-01 8.436519242976802113e-01 1.102018162809059509e+00 1.006290720538493888e+00
9.804020247865897764e-01 9.345941831881431350e-01 9.584236569374987580e-01 1.071684871532526229e+00 1.135708292892425586e+00 1.040560647566352026e+00 9.856938792260876436e-01 9.674260753464757334e-01 1.217820695832907862e+00 1.113715358805775546e+00 9.954024976834348060e-01
9.991239413086754340e-01 1.059639181377544981e+00 8.980898594611105290e-01 1.002509257713017243e+00 1.171537159853178744e+00 8.639484334538465315e-01 1.122630409813619279e+00 1.084576898746836937e+00 1.007144676736047462e+00 1.011236149446513632e+00 1.005819508541711205e+00
9.908328384703963820e-01 1.177272973513773691e+00 1.000275753505405874e+00 8.767086497435736536e-01 1.346364035065938936e+00 1.042980300269553240e+00 9.771336597396368395e-01 1.123712349181476444e+00 1.041222626493813808e+00 9.323526911914450377e-01 9.993660531371285627e-01
1.013094883551317382e+00 1.256833361514615666e+00 9.412096176566367989e-01 9.329055772410237424e-01 1.196247818284427833e+00 1.045098388261631595e+00 1.093301074468463918e+00 9.107223497838029536e-01 1.196100188056244962e+00 1.002697556584374095e+00 9.971209662558989661e-01
1.015508647904279638e+00 1.090025492839321153e+00 1.088334725338808262e+00 9.368448037451893029e-01 1.240277360940688300e+00 9.845607458787141164e-01 1.104966672062804411e+00 1.058613325377841141e+00 7.668011989621634772e-01 1.386190156150761910e+00 9.970474613633324434e-01
9.954842490497313179e-01 9.092810792615697579e-01 8.776929947627067907e-01 9.706669480815716122e-01 6.885134328099555834e-01 1.063187635583179302e+00 1.021140627702613823e+00 8.858595553918137133e-01 1.102664536945318519e+00 1.009104031677115598e+00 9.931278965316352458e-01
9.900580438712658360e-01 8.526565057514209345e-01 9.969576907771882102e-01 8.259508029349851288e-01 9.600649652829943426e-01 1.042570108175041588e+00 9.921401603273196645e-01 9.247601703708341336e-01 1.298285564696988859e+00 1.159505131437921666e+00 1.002695219820728845e+00
1.006560419075832602e+00 1.231205950945846395e+00 1.073042533479019678e+00 1.053180251695201131e+00 8.957327062519822025e-01 8.856120120730939238e-01 9.404044327952878479e-01 1.063074012420017089e+00 6.844801213473714618e-01 7.979897377022198146e-01 1.000175239903832836e+00
1.002377697394119416e+00 1.139001229633892054e+00 1.028530615144420235e+00 1.092365068664635563e+00 8.181031387054753523e-01 1.029039530289539872e+00 9.784021280586057134e-01 8.310101781996273029e-01 1.031456905124535250e+00 7.085217009738286054e-01 1.015783467529738582e+00
1.010932559413125764e+00 1.182346832076049514e+00 9.527434962043807021e-01 1.036312493264067713e+00 1.038189122139779208e+00 1.036523735747074237e+00 9.555689455279093858e-01 9.572858884865504958e-01 1.103201946039139569e+00 1.032582244588017062e+00 1.008658149350866617e+00
1.004784610992979887e+00 1.136716472017818669e+00 1.009598094500250509e+00 1.046244382762617997e+00 1.347968119297429990e+00 1.046886736026948928e+00 9.898090073820765555e-01 7.860302626027833028e-01 1.387155421445268821e+00 1.032133417467522740e+00 9.985109611711870947e-01
1.004919382349069190e+00 1.026603394657321644e+00 1.009022843243870371e+00 9.495897984572577721e-01 1.132145298638631337e+00 1.160734542369905142e+00 9.708092166021264902e-01 8.014094691664095382e-01 8.428491238112203465e-01 9.071148925284517883e-01 9.921990755319913813e-01
9.941469786286796229e-01 9.847715521504610825e-01 1.000367949160665626e+00 9.689090922765200009e-01 1.012429196632894213e+00 9.243519106167624733e-01 1.080190013620627498e+00 1.073294687686335847e+00 1.010186892270368286e+00 1.197834212033672907e+00 1.004547229495875049e+00
1.007523318908450927e+00 1.314953574911700951e+00 9.445558816433683447e-01 1.026751890410429136e+00 7.018298271949452438e-01 9.174007834986743770e-01 1.000413374060113325e+00 1.152440162009069846e+00 1.038438800284258168e+00 1.048349227642415116e+00 9.938577487092984386e-01
1.000509011203985610e+00 1.200435517882247449e+00 1.009861552058307854e+00 1.254670537157339005e+00 1.172281171904550723e+00 8.452941967088299924e-01 9.747595756133529132e-01 9.722499400656833268e-01 1.073934556947266694e+00 8.650876196915427974e-01 9.773240371781418689e-01
9.955900476364699658e-01 8.854878593883377391e-01 9.754086636880122674e-01 1.081775907506647538e+00 9.703796447341348497e-01 9.584750828956654090e-01 1.128879546298986458e+00 9.501247340190722701e-01 9.934213985013506942e-01 1.119564251665760235e+00 9.988777753572324336e-01
9.985688509130573598e-01 1.081929382071911805e+00 9.888936225765061483e-01 9.501164050162989039e-01 8.904692985363745761e-01 1.005194194552425868e+00 1.021461579670558839e+00 7.562366888311339297e-01 1.101879532207803880e+00 1.208650076503332338e+00 1.007050291970217337e+00
9.977321875761030467e-01 8.153989569098345491e-01 1.068831803600094554e+00 8.958243053595709160e-01 9.275039807607776687e-01 9.956165035818204112e-01 1.007173620399999470e+00 9.878437004463831439e-01 9.189499311761011313e-01 9.033791554830954418e-01 1.003490245244057277e+00
9.928917883770457253e-01 1.193928482451542150e+00 9.376031268495041981e-01 1.058527793322883381e+00 9.579162887472361110e-01 8.807143794501866019e-01 1.045322783930844768e+00 7.953046090903377330e-01 9.609722463932255376e-01 7.815878911244708016e-01 1.013898588818251678e+00
1.000034665392126154e+00 1.042383553830622533e+00 9.615177813487556513e-01 1.011789775487121457e+00 1.053330637054273877e+00 1.063141612439483463e+00 9.428377390781450540e-01 8.091699143477084633e-01 1.205849925257093336e+00 7.490162963309592303e-01 9.939086453769122587e-01
9.950453143840032322e-01 9.328082908380885829e-01 9.436619408933015762e-01 9.890287274304178089e-01 1.048018078878522719e+00 1.066836858759980800e+00 9.696580308985867092e-01 1.130089263866061566e+00 1.120531323720877603e+00 9.518230241417470205e-01 1.004371746835307722e+00
9.869662457018435475e-01 1.000008958300728334e+00 1.020250624047228882e+00 8.718345794217826628e-01 8.173360732430495768e-01 1.014926195278098575e+00 1.043129710798651022e+00 9.626981883926181149e-01 8.850802004900981679e-01 1.000591983806803364e+00 9.913591241893743300e-01
1.013796740561732301e+00 9.247309206021592232e-01 1.052974529806567361e+00 1.098996397991897966e+00 1.070710988389484308e+00 1.041137484031413596e+00 8.731794050509419369e-01 8.576187654020049900e-01 9.622000376714150427e-01 1.062126321746452273e+00 1.013848355084438158e+00
1.004373960228820639e+00 1.132866004633553025e+00 9.622699239752130485e-01 8.583345018437420482e-01 9.030320356497180123e-01 1.125572916611559782e+00 9.566107562626295913e-01 7.826367802066672708e-01 1.015636053897430724e+00 8.310284868649444601e-01 1.006774876839178878e+00
1.004798557339159570e+00 1.229878910765389799e+00 9.251154647350940952e-01 1.100000810405051599e+00 7.561546887948078499e-01 8.443671134992960514e-01 9.791254811200832409e-01 9.519910035674625792e-01 8.308139787029318324e-01 8.724988726821908402e-01 1.003729957338223899e+00
9.956701212340759444e-01 1.079590105934664646e+00 1.003440635979450768e+00 1.311130740487956192e+00 8.661499677486546034e-01 7.894723154957038469e-01 1.002162451623707318e+00 9.140782340255930727e-01 1.171412609081551093e+00 9.828709356330751490e-01 9.947629861673250584e-01
9.908949837701909180e-01 1.075913981512497397e+00 1.013144519446887104e+00 1.107729548763661809e+00 1.139079883166990381e+00 1.138124695811331133e+00 1.003710942588070809e+00 9.728033079463687116e-01 1.127924127290911516e+00 1.129656683979407772e+00 1.006257630399212788e+00
1.003302723501584115e+00 1.293878520050816050e+00 9.855900607279041159e-01 9.799547463724765928e-01 1.068188880173809086e+00 1.067073973710370494e+00 1.152990027332734257e+00 1.062091747657349483e+00 1.192663120215692540e+00 8.787528599179270650e-01 1.016974693174791611e+00
9.938375770677930765e-01 7.958532260105571909e-01 1.020604363729052722e+00 7.561866438895570308e-01 1.042941294048590706e+00 9.790964411700298076e-01 9.853879467157838912e-01 8.336589794387585517e-01 9.755960056562955618e-01 1.287897114402935195e+00 1.012745509383126574e+00
9.882816340359016349e-01 1.025167556724445594e+00 9.839572435466448219e-01 9.096303981972118091e-01 9.784562472528385291e-01 9.342542262184216906e-01 1.103554737314523138e+00 9.478613662448361898e-01 1.071818904463697653e+00 1.016235611853444798e+00 9.946788828406025740e-01
9.987050595551804077e-01 1.154267118495799771e+00 1.007462133063697252e+00 9.541925529009542828e-01 6.632550137431227899e-01 1.029398073655231949e+00 1.031569371139688718e+00 1.052921355793120961e+00 9.971931966314464546e-01 1.009909617864251263e+00 1.012658142275825623e+00
9.974298023357561771e-01 1.023693718078108938e+00 9.862669203999518963e-01 9.534963298922568553e-01 1.174347933184409776e+00 9.905305219861025856e-01 1.114948068402419334e+00 9.938982367877855495e-01 8.063282499034530870e-01 1.048221531860810352e+00 9.979186485381087435e-01
1.020182327783164089e+00 8.901003991040861152e-01 9.439402372168070876e-01 9.866002139033382967e-01 6.767559708812276309e-01 1.028959592062831385e+00 9.974329670696115979e-01 1.195901607412926726e+00 9.000138658205965037e-01 9.179127455533021562e-01 1.019678408883242682e+00
1.002999953998978233e+00 1.141881324888631255e+00 1.034981901604710153e+00 9.402204746167098781e-01 9.058461162643933751e-01 1.085760474233211204e+00 1.120529465787976964e+00 9.165493781890243774e-01 6.633947380798927984e-01 9.094731082644122999e-01 9.850590588821483973e-01
9.950951742965584712e-01 8.090848388735634167e-01 1.031365381117930191e+00 9.415342486976325809e-01 7.774732927816243588e-01 9.220349733167979567e-01 7.662452386989972997e-01 1.009789755504898912e+00 8.931732604060268477e-01 1.007099789057745776e+00 9.954559800853709506e-01
1.005427776847384491e+00 1.232957111960474084e+00 1.022325274554451324e+00 1.096798052827883785e+00 1.311379914648265199e+00 1.013398193289224647e+00 1.041091812102962866e+00 9.748352166627508586e-01 9.881797583820093323e-01 1.025307573674322015e+00 9.965556413445580963e-01
9.835438847978880128e-01 1.178784405098686427e+00 1.007867604906573122e+00 1.102386863394882788e+00 8.088401316532493057e-01 1.126021980265944800e+00 9.928856853341435640e-01 9.701263526809742466e-01 1.182387034953632954e+00 1.092114766227274991e+00 9.869847782411692583e-01
1.006934745081575322e+00 1.128621521643784043e+00 9.165746446840031814e-01 1.151795354598674770e+00 1.002577972104037540e+00 1.014787389597770595e+00 9.468333221356657337e-01 1.089649196097783213e+00 1.301476912179716727e+00 9.901296045043881389e-01 1.001328544128432529e+00
1.022952097390851689e+00 8.912877295788392829e-01 1.010943117116209100e+00 9.583962829609291578e-01 7.792019818150508481e-01 1.114547717482927247e+00 1.051024680094409414e+00 1.035386687932282612e+00 1.292170889994952887e+00 1.133581753910207768e+00 1.021057925027968105e+00
9.877304838384548535e-01 1.083674754769522686e+00 1.066537888984810944e+00 1.076351042407677872e+00 1.067005470336584549e+00 1.120568465690598536e+00 8.781307940782078214e-01 1.164072618873472686e+00 9.674347431268359720e-01 1.399705396812372715e+00 9.955220750215446612e-01
9.966171894038258205e-01 9.358948765386655433e-01 9.871343363855533681e-01 9.562806325580536226e-01 9.178080089171879452e-01 1.025042230791155973e+00 1.086665270848020448e+00 1.181250394552072036e+00 9.018693606834742305e-01 9.046798299614373651e-01 1.005267101550670450e+00
1.000856209618520065e+00 9.971308393951874294e-01 1.058915795688749828e+00 1.086170549709658095e+00 1.359055598192027592e+00 1.063707573156861041e+00 9.890473055538446800e-01 9.744712611907609956e-01 1.177377055067548195e+00 8.013121872418950131e-01 9.957296590868854880e-01
9.902690271260142785e-01 1.070137730356544248e+00 1.085210579654791507e+00 9.311851826079857730e-01 1.083305161419650942e+00 9.827402095536128535e-01 1.071162939942603920e+00 1.090572837239539572e+00 8.284341421867700284e-01 1.124125621182428647e+00 9.816001744003798324e-01
9.980828349668794397e-01 7.955805336157921737e-01 9.996161383556612101e-01 9.255760897972284962e-01 9.766172650645521536e-01 1.061789602890176765e+00 1.006325810027113521e+00 1.035050983364933508e+00 1.168246847592335547e+00 1.262464399378618429e+00 1.003282976198992316e+00
9.827917873900576806e-01 1.037803749702961964e+00 1.056987804634460293e+00 9.157020034915843709e-01 7.762538923419939341e-01 8.041727893645649328e-01 1.008269638735315166e+00 1.044245852969530430e+00 1.085052156562696046e+00 1.084386910113622760e+00 1.012046460177022489e+00
1.005510972579202411e+00 7.453842511979507091e-01 9.823496447648041308e-01 9.716081913358440847e-01 8.447766634871460845e-01 8.195189971120857564e-01 1.101500120646570213e+00 1.206550824677877998e+00 7.826172292269097941e-01 1.343164999425773942e+00 9.935555475467299225e-01
9.921626692423751726e-01 1.061163640889407178e+00 9.506840191277061702e-01 1.069975947857618070e+00 1.056363479463585442e+00 9.318995512790215763e-01 9.453279559654632624e-01 1.053137556683154896e+00 8.859927749090502624e-01 1.063605358281195734e+00 1.012353372022383402e+00
1.000920680404686847e+00 8.508854931198053251e-01 1.034602630057172012e+00 1.042109369367898442e+00 9.925231049412688300e-01 1.093751127963898506e+00 1.074536861676818944e+00 1.241297921172529017e+00 6.565150119594838074e-01 9.563699693496966470e-01 9.994536639075237705e-01
1.003128533865522698e+00 9.388289723428786537e-01 1.006954763211419079e+00 1.054505752824413056e+00 1.036340992902422098e+00 1.108746090886958635e+00 9.576438122352786131e-01 9.527672996774481096e-01 8.490515812598014023e-01 1.063941129934272478e+00 9.925802383621060709e-01
1.002527542150736917e+00 1.190954056078749490e+00 9.084519262721622024e-01 8.631098701882802260e-01 7.649279152418345662e-01 9.920679730481593017e-01 9.903920648087464196e-01 8.723209538141327712e-01 1.026429344142280708e+00 6.795866328666668732e-01 9.859667837549603853e-01
9.865007284194804438e-01 1.035990769006157386e+00 1.005953495174592538e+00 9.937698530435229438e-01 1.208598410664120770e+00 1.136849763960681603e+00 9.332173147367669452e-01 9.932896710846761401e-01 1.027357422670106324e+00 1.082741533845865023e+00 1.002585726564276580e+00
9.903126615535450261e-01 1.344733507420216245e+00 1.011446378843952720e+00 9.165282353965438222e-01 1.033685661034390080e+00 1.072456286305123907e+00 1.081871626948239795e+00 7.690554111506490154e-01 8.243992893632940966e-01 1.270632307671937022e+00 9.857221536930460548e-01
9.881512971299730719e-01 1.022386968411721053e+00 9.740117311506866216e-01 1.065382622288868042e+00 1.155448571752019760e+00 1.083756239118058851e+00 9.349072285876918187e-01 1.024243883231079399e+00 1.107977197088323429e+00 9.857118094672052688e-01 1.015298826937193866e+00
1.004296336312339832e+00 1.084952324507643340e+00 9.760032294777140072e-01 9.142430040936604385e-01 8.716779333132125274e-01 1.084728676159419480e+00 1.036539789373920994e+00 1.188582222003924826e+00 1.149672604106817264e+00 1.212301579418370245e+00 1.001583913823324234e+00
1.003856290733049272e+00 1.069667316102351551e+00 1.022856982678227000e+00 1.015139780391048685e+00 9.670553183766587013e-01 9.598142478879190254e-01 1.084408922214337601e+00 9.265725681095416943e-01 1.089843675123133737e+00 1.312678481609846459e+00 9.935526774021459229e-01
1.017566054562577094e+00 9.861773580365179592e-01 1.002195312882154798e+00 1.046486890831602068e+00 1.199681331608649426e+00 1.032028162326698251e+00 1.005178996822797099e+00 9.273295525246467719e-01 1.285354524065218662e+00 1.063175545169242842e+00 9.813316380764067759e-01
1.026650271406573278e+00 9.128702502495438242e-01 1.042070636576405196e+00 1.142737600885120441e+00 7.485346546455102779e-01 9.108101813302484917e-01 9.535344935185621207e-01 1.049663053358399711e+00 1.215390355492910635e+00 1.018839268297209610e+00 9.940797154294299665e-01
1.003170281864323332e+00 1.099934568955428515e+00 9.795691672535671302e-01 1.084395654272767295e+00 7.552118807592143046e-01 9.823353922504931557e-01 1.097515554188096543e+00 9.803038705469074854e-01 1.085748680881133410e+00 6.462848618801295686e-01 1.032710328279974998e+00
1.003479929908209334e+00 7.414154620237913829e-01 9.244008169514725815e-01 1.060650689843791961e+00 9.895716289299285595e-01 8.842310556401492549e-01 1.064036410175358771e+00 1.023509103167483891e+00 1.029563063666352196e+00 7.250744790844885213e-01 9.838623139006907881e-01
9.825136839612840234e-01 8.205861716272224715e-01 1.051579584206768114e+00 1.064832115211205021e+00 9.735174506773289771e-01 1.118939349278406326e+00 8.949068522166059303e-01 7.903949806235143205e-01 8.668825407294362684e-01 1.237370534781605524e+00 1.021955810433908818e+00
1.004998971961120757e+00 1.151572107392156763e+00 9.529655339092899524e-01 8.413404120867609137e-01 1.470597835299248590e+00 9.120416812526648265e-01 9.145270258078229686e-01 9.183258472017626906e-01 1.296745814282581177e+00 1.171254342345054544e+00 1.005224473533222085e+00
1.004201488184336633e+00 1.088138528352476264e+00 1.061224043552323248e+00 1.040439065722104317e+00 8.266368017667713453e-01 8.865993063948606201e-01 1.089252668984321160e+00 1.102139277516097637e+00 9.299529260601923086e-01 9.263450256303357166e-01 9.866441210033837228e-01
9.859357545403235612e-01 9.817817077476300724e-01 9.423602400460219242e-01 9.238813555933048649e-01 9.125994968737021207e-01 9.936878917571824177e-01 9.644007185821462658e-01 8.734549017517920788e-01 1.365920477303991909e+00 1.140116157558912047e+00 1.002896220765624680e+00
9.876342284136538918e-01 1.097939000554099653e+00 9.193543633319700703e-01 9.538172710042363001e-01 8.952138172124137760e-01 9.869013417712262370e-01 9.459991989704159554e-01 1.139888462861686103e+00 1.085949786553322305e+00 6.305964186564481100e-01 1.013128330355574924e+00
9.997461318984445233e-01 1.248370699854827848e+00 9.560231823280505026e-01 1.052418552947884445e+00 9.631666723853473666e-01 8.063853199761406021e-01 1.024098028160548957e+00 1.061850895417840279e+00 9.603321285620214365e-01 8.134819516015718843e-01 1.008876037902045608e+00
9.890017565423867563e-01 8.419576405241726569e-01 1.015415150750229811e+00 1.080805822421095463e+00 1.098678893698326275e+00 1.048133305779166857e+00 9.914194122842822088e-01 9.379725473135767100e-01 1.189913778392913901e+00 1.077294463102979272e+00 1.014171832656851180e+00
1.001729305498324729e+00 7.724967245177832842e-01 9.325774697070183805e-01 9.966737350922147964e-01 1.197367576275225609e+00 9.526733228611754534e-01 9.864659510735916959e-01 8.466138812981334194e-01 1.240655124343062798e+00 6.587913157581137824e-01 9.863871111256072854e-01
9.857617870673256455e-01 7.117069003335980693e-01 1.028477550264707441e+00 1.035594243205942844e+00 9.243313381936786310e-01 9.993733232317580928e-01 9.989446892552223956e-01 9.221114268895296284e-01 1.060736373355949835e+00 1.180923511532733894e+00 1.012929921105552244e+00
9.998763675762010195e-01 9.851493887786983983e-01 9.717948569399738057e-01 1.054958455782968985e+00 1.215761020848497909e+00 7.920200985177977548e-01 1.064488841394948038e+00 1.033498280576313766e+00 8.366199050267436599e-01 7.438201476205936746e-01 1.000723142887544714e+00
9.958625203458154607e-01 9.052761626922556371e-01 9.678424069944506769e-01 1.167757522104221124e+00 7.374140032011561319e-01 9.198342087683366586e-01 1.077801741699078164e+00 9.332717993517899435e-01 1.069245442668715240e+00 8.833775717272774886e-01 1.020862550877218000e+00
9.994444241051571032e-01 1.064878823742920089e+00 1.001728095106817040e+00 8.560819439039075718e-01 1.447067895308151275e+00 9.240265108485036238e-01 1.015637970073573149e+00 1.137163272439156048e+00 8.145469666310888313e-01 1.152092813419795636e+00 1.008367203784458210e+00
9.809100405777867460e-01 8.666141375870122232e-01 1.051013274297786015e+00 9.995091230530862569e-01 8.893664748875214077e-01 9.643580750944287239e-01 1.026477032501897257e+00 1.010360456908145022e+00 9.420832030706712823e-01 1.030794598091160141e+00 1.005534050391842849e+00
9.950080419808478016e-01 7.820754439339907549e-01 1.115412889492829240e+00 9.545647260068245155e-01 7.401558572752644505e-01 9.559463826124446895e-01 1.017016120686261571e+00 1.054576958283995891e+00 6.270035009894345812e-01 9.490196961719760127e-01 9.936428785670839980e-01
9.849779031156056242e-01 1.015547860877891617e+00 9.589607684094350049e-01 1.081394873204260643e+00 7.832891263282083516e-01 8.521551757666527838e-01 7.938998902491400944e-01 8.920483481849922347e-01 1.025909123329834305e+00 9.665449558775957017e-01 1.019219009338357518e+00
9.869524886039949818e-01 1.003321162064656491e+00 8.568258999119898744e-01 1.115318218977394027e+00 7.982378527082620856e-01 9.727687616822070504e-01 1.071563819216458047e+00 9.736300422240419250e-01 1.357729415986304478e+00 9.941344112187296966e-01 1.024590664375180316e+00
9.851659639409069413e-01 7.338552961112491113e-01 1.072340260488698682e+00 1.082978176630440714e+00 1.147253771531078437e+00 9.258646542279910241e-01 9.877706159688134369e-01 9.728991439809107078e-01 1.097320116727680706e+00 9.621516968404184578e-01 9.924778908728163485e-01
9.886207267242936858e-01 8.654604923663778981e-01 9.749297887799427409e-01 1.111903668490380248e+00 6.805220351803806800e-01 8.815922416650039395e-01 1.088095133008416537e+00 9.651519298597034391e-01 8.630508731675262668e-01 1.068438649164489274e+00 9.824163498119058424e-01
1.000005557648321330e+00 9.880555552037114664e-01 9.420916968456507501e-01 1.137570073376865221e+00 9.525741864706569473e-01 1.044375429459468263e+00 1.006698839799118117e+00 1.013251355270431420e+00 8.090896737778662251e-01 1.014767565537401994e+00 9.984784793008028014e-01
1.021055354288854966e+00 1.101745217292967816e+00 9.469198294630908341e-01 1.032448611943587613e+00 9.778671934057213688e-01 1.062503061930128112e+00 1.034088775031474672e+00 1.041920764340044325e+00 7.269430479087000130e-01 1.277966885312617595e+00 1.002266488909746345e+00
1.001882566708778954e+00 1.058516447174260744e+00 9.907715213949447319e-01 9.911630730421825408e-01 1.003217393787042999e+00 9.925384865111757104e-01 9.524817623498119668e-01 1.020331209254947247e+00 8.504726387413408251e-01 1.137835669678177508e+00 1.002543187756825382e+00
9.932474823729444680e-01 1.016927975735067768e+00 9.812228486614277267e-01 1.066398022071679108e+00 7.532772205679623134e-01 1.153586835570740154e+00 8.972947895639123983e-01 9.842696829261311509e-01 1.122057075132899540e+00 8.103214663261588679e-01 9.944369252083503641e-01
1.006108245377442145e+00 1.143846741646813214e+00 1.110367454173367241e+00 7.893017260494783471e-01 1.073127950854613211e+00 1.006130227255599863e+00 1.052953733309232920e+00 8.929768228048106105e-01 7.640249536108543182e-01 9.111102595876210408e-01 1.011738482970082176e+00
1.000230124526042097e+00 1.237716896142880385e+00 9.714991853385449572e-01 1.185156984801017721e+00 1.081900464962908259e+00 9.513389833527952089e-01 1.182530230638151547e+00 1.122167357071834903e+00 1.105587623597408919e+00 9.275381397874078448e-01 9.994213006753851491e-01
1.004251106690543072e+00 9.635185833122347221e-01 1.039523520463194295e+00 1.037308292039312851e+00 1.030053758032637878e+00 1.097104406121865550e+00 1.006344052423138402e+00 1.125723252633014759e+00 8.258193870223763389e-01 8.774409765982290610e-01 9.961869544884413008e-01
9.920434627194637534e-01 9.709100517316364698e-01 1.019882417199957203e+00 8.660045393302935324e-01 7.945387520323842212e-01 1.115286516500047842e+00 1.141213194129618413e+00 1.073643387875441890e+00 1.189245925027748285e+00 1.090516005567984115e+00 9.993194271904873860e-01
1.009289698298531990e+00 9.902228981084801873e-01 1.072011668975038301e+00 1.000144555142395975e+00 7.055538768427231933e-01 9.976910775695195799e-01 1.065363632972485375e+00 1.077857540434299821e+00 7.910753449317380337e-01 1.117438199286325151e+00 9.956047882345194777e-01
1.002125087912858481e+00 1.035938646501680438e+00 9.756951044228731051e-01 1.047371307645628358e+00 7.714466064727967254e-01 1.120162466002158741e+00 1.021549173980060621e+00 1.065713973913912094e+00 1.005528444875077199e+00 7.767848355871787014e-01 9.934537615621621409e-01
9.981828473457778905e-01 9.343282630950583423e-01 1.077929697565507050e+00 1.004278398554289131e+00 7.746457459792678302e-01 9.509372603229439003e-01 1.214555132549072880e+00 8.231120336356319012e-01 9.130410844142913263e-01 1.323913341552737322e+00 1.018388132046709638e+00
9.966367799686598472e-01 8.926650602328884965e-01 1.160481013869520517e+00 9.854236309847635988e-01 1.084441063788625259e+00 9.685847967662113422e-01 9.861358906716645167e-01 1.094903703843857823e+00 9.443852544071215105e-01 1.373024093859748662e+00 9.847879501673398872e-01
9.927031890737028075e-01 9.579429230770917236e-01 9.426742920486046451e-01 8.356725817117118815e-01 6.652261301239725810e-01 9.796214157816085510e-01 9.837359835459946744e-01 1.047559332477107752e+00 8.816837154108747576e-01 9.979243322214299550e-01 9.947203169494681640e-01
9.792579619486295739e-01 1.137396181884186008e+00 1.095499766365266581e+00 9.260434426024408694e-01 1.437912417807186261e+00 8.621375838915095180e-01 9.661026519917036426e-01 9.535926366653301178e-01 9.740738384311856679e-01 7.779824165388748991e-01 1.006873067214815842e+00
9.960243024793687949e-01 1.134028492233001506e+00 1.018921891069918928e+00 1.290462563044626254e+00 9.541724621577306609e-01 8.880278222881735628e-01 1.018068103356236875e+00 1.064345900769354092e+00 1.157698867659841202e+00 1.011941070423578504e+00 9.892483746498426100e-01
9.879406000731926207e-01 8.989942872436529342e-01 9.923605618752499025e-01 1.034714638730481751e+00 9.112972749063817934e-01 9.666992403501399878e-01 1.028986779566660292e+00 8.390765493196687963e-01 8.011226422014157134e-01 9.276134957196481290e-01 1.009973362232082561e+00
1.019559465565450740e+00 1.214480970191327058e+00 1.101403298528436325e+00 9.731983406055809693e-01 1.305538071127926303e+00 1.022594830928233778e+00 1.013138134153931391e+00 1.006406619963644555e+00 1.051047300446774857e+00 1.045667392231586224e+00 1.029259102210190679e+00
9.953354249753996186e-01 9.253088723670102045e-01 9.924104510505438181e-01 1.135379136996123917e+00 9.993287291212140655e-01 1.116290001169869539e+00 1.094725519770827882e+00 1.307615818214918901e+00 1.126636034532007224e+00 1.041032273032423738e+00 1.000442488764414550e+00
9.968500280547810677e-01 8.313747621920956066e-01 9.305056288708575263e-01 1.006400983826111872e+00 1.272067003743239333e+00 9.474199233018147925e-01 8.565091291176730737e-01 1.052594950096144677e+00 8.809828756583192311e-01 5.446675272570397075e-01 9.989940782947137610e-01
9.783041691181995070e-01 1.145757680849891269e+00 1.046709175739113151e+00 9.106862640392658914e-01 1.071860123748822335e+00 9.442110046658469535e-01 1.002432780793939049e+00 1.066149547321124436e+00 1.059670101764464745e+00 9.084958164787608759e-01 9.923359022207901559e-01
9.993857510024272139e-01 7.720711434157929709e-01 9.937934745740638620e-01 9.185170943344228567e-01 8.847323706830573231e-01 1.192775326015509396e+00 1.082622155512517503e+00 9.872655227494880892e-01 1.150580481104695352e+00 1.116293683580821039e+00 9.987778008002672347e-01
1.004648084556907017e+00 1.260946972076073758e+00 1.007993030602368112e+00 9.653954372950221963e-01 1.088741514274002009e+00 8.900239241419143355e-01 9.674082749764877365e-01 9.712602397200874593e-01 8.046172766662282871e-01 1.180765361124912483e+00 1.009771604546303214e+00
9.988489665466555589e-01 1.085508638484800281e+00 9.335285838210308773e-01 9.981403447872123635e-01 1.007238403398547533e+00 1.159028926037184437e+00 1.028516360473262115e+00 1.127485822414490357e+00 1.235075791168319892e+00 1.187758039591535697e+00 9.953168876941379528e-01
9.978051987601167516e-01 7.277229202861872359e-01 9.448676870088892343e-01 1.067687550919718120e+00 1.127833113770637885e+00 1.042232804427335902e+00 1.023848576046027192e+00 1.116841151156955592e+00 1.274838561655026181e+00 9.788308432339303256e-01 9.880819000211614744e-01
9.872156500395508072e-01 1.160016129090994053e+00 9.865128648402674560e-01 1.037731245579305739e+00 8.780820846198199581e-01 1.189145989646641199e+00 1.046390397075982470e+00 1.001791317602631626e+00 9.310649126242137585e-01 1.030184885270628792e+00 1.005695980393523703e+00
1.002653052652764165e+00 1.050006573728892612e+00 9.837103582108913669e-01 1.013832980057770561e+00 9.635506896273752231e-01 9.453590907310328584e-01 9.376971095434913916e-01 1.008257443781238383e+00 1.143726241209000571e+00 1.166991552207275129e+00 9.955715184865295830e-01
1.010070126880824093e+00 9.805384976069185798e-01 9.881844903894113630e-01 9.365742110880788118e-01 6.549360100771277615e-01 9.761931339626593873e-01 1.191669678810312050e+00 9.942057705878828422e-01 1.044414973693497339e+00 1.118849599141261919e+00 1.005839964746022996e+00
1.004037570490118325e+00 8.664699180113990540e-01 9.930548741301787885e-01 9.696919781006803074e-01 8.019948374525799339e-01 1.045541733707792575e+00 9.528774838908226075e-01 1.082368640324958831e+00 1.003661114681681621e+00 9.850419499917709709e-01 1.008628775027461844e+00
9.891262520618090415e-01 1.266256925642057940e+00 1.033417245420363617e+00 1.057487004841891176e+00 8.425210157929110544e-01 9.753520719103984105e-01 1.098593473051788338e+00 1.011225390804137092e+00 1.099823868718808217e+00 1.184695612596706082e+00 9.920655456565006247e-01
1.003057241015843593e+00 1.068266382674221582e+00 9.792351535451980782e-01 8.800721084620506396e-01 8.795508823521904773e-01 1.004341464464511002e+00 1.037602441057194680e+00 9.554661565473182572e-01 7.582529226969794145e-01 1.100193858096387256e+00 1.000216445606454174e+00
9.942427722384475919e-01 9.886665570612486187e-01 9.815746456020159050e-01 9.459424375005438534e-01 8.927861396880101275e-01 1.195997472802055483e+00 9.938941827131222428e-01 9.123499042926087599e-01 9.091733880364599729e-01 1.356852363341614964e+00 9.932561674697646392e-01
9.952632709244657594e-01 1.258286399766839869e+00 9.942579911254531000e-01 8.909905661342769623e-01 9.858196342684705238e-01 9.336260852304456570e-01 8.939671110442112267e-01 1.073122976593842592e+00 1.092346518052968785e+00 9.106818227862071291e-01 9.874272223664917192e-01
1.008293883428173610e+00 1.089163346153021683e+00 1.015862505751136124e+00 1.181726388501180836e+00 1.221660332186259801e+00 1.075321720529406333e+00 1.106556948855687672e+00 1.014796534293047614e+00 1.065998259835391870e+00 8.928731310415348732e-01 9.835330530886999822e-01
9.913150065854342552e-01 1.211941514522671737e+00 1.003807449925764761e+00 1.057232545897137221e+00 1.105677634768333251e+00 9.938826069304779187e-01 9.828473103317556525e-01 9.690275290006259423e-01 9.797796998614407560e-01 1.114040675363315192e+00 1.008514369630844509e+00
9.953753536924792034e-01 1.124859095159711719e+00 1.009897963738481508e+00 1.018304211049180008e+00 9.834708839201459218e-01 8.936674858587136949e-01 1.057870192639754015e+00 9.102841026020594972e-01 1.116004775795430337e+00 1.185306723568932075e+00 9.855619422484015457e-01
1.014469406051569988e+00 1.207728271883176108e+00 9.340938855001209573e-01 1.027475055435358442e+00 9.958734227083044788e-01 9.848869690260475540e-01 9.215275836414147381e-01 1.029017642821094869e+00 8.948103595720665604e-01 7.640550241000427789e-01 9.881449953183687462e-01
9.967369796894886003e-01 1.096673524974935976e+00 1.031421581874647497e+00 1.027790376900990177e+00 8.942019166667722896e-01 1.048383224710301764e+00 1.210028837895727127e+00 1.050042368187512176e+00 9.274537957714423797e-01 9.239626142068912973e-01 1.002627458301430741e+00
1.003659495119790357e+00 9.893319564569710289e-01 9.544168526593941326e-01 9.212216055416878602e-01 8.561667084120518911e-01 9.825723199497347071e-01 9.958776881051012442e-01 1.096348283440300442e+00 7.112983025579608931e-01 9.804966074661074504e-01 9.907353935216530738e-01
9.965034231047606994e-01 1.050712199435249294e+00 9.540919611295470837e-01 8.914529444519943002e-01 1.241352699509981505e+00 1.015367579606029969e+00 1.033422678539612116e+00 1.017176633942675545e+00 8.051975786675805713e-01 8.474701463504478172e-01 9.868693360991900310e-01
9.874981539275254905e-01 1.018323751944102629e+00 1.056341116859445428e+00 1.045848750052245535e+00 8.815363671927942679e-01 1.026929747770361390e+00 9.634192000370076503e-01 9.017238238966107655e-01 8.180894917516574605e-01 9.425447037707019859e-01 9.941524170274611549e-01
1.007312589302517214e+00 8.784936430942489327e-01 9.546892754364086908e-01 9.776730234431643130e-01 1.153585646531758435e+00 1.041911459878110957e+00 9.151740546493517536e-01 1.002819481527141177e+00 9.195580103389981996e-01 1.330794356255311062e+00 1.005093090818050205e+00
1.004513550246090681e+00 8.364299343540967380e-01 9.395413118191571211e-01 9.976799775325134734e-01 1.017418659020139726e+00 8.770707712557010982e-01 9.561437190780597284e-01 8.638089141815697980e-01 1.506917148058003475e+00 1.298346421227342784e+00 1.004088714936422155e+00
9.902244930456337579e-01 9.796907110864820911e-01 1.075923610106645611e+00 1.074563222939117990e+00 1.073605281487891361e+00 1.109364695472415896e+00 9.812964656253928553e-01 1.096534303159606871e+00 1.480356816569663447e+00 8.540386675654305648e-01 9.963752916273167504e-01
1.002868200399507748e+00 8.611683080561789438e-01 1.100587460064451850e+00 1.048379693638080035e+00 4.893809642075140909e-01 1.137565335026071933e+00 1.103841244216683393e+00 1.067181998523853093e+00 1.377198425891209999e+00 1.230109821125225711e+00 9.861016258825184844e-01
1.000769073626631478e+00 1.073333266040495948e+00 1.007679251253944752e+00 1.274237730752585840e+00 1.028801724460944200e+00 1.043735075695130687e+00 9.094857928230637434e-01 9.024015962571829697e-01 8.751599721355691752e-01 1.036632831190776205e+00 1.003069408070547341e+00
9.927904786426645645e-01 1.005332008210948702e+00 9.720207377981893160e-01 9.688560664278681456e-01 9.810441735999636537e-01 1.099215610599461490e+00 8.582051515033897182e-01 9.609760791840418204e-01 1.164410683463423357e+00 8.043646421417358638e-01 1.001696169838804940e+00
9.983812266488467646e-01 1.058088116508066667e+00 8.868739253079196416e-01 7.737866892285719667e-01 8.591048334994697555e-01 1.135663084032100478e+00 1.000846330792427130e+00 9.353753972960675567e-01 1.050387713054170336e+00 1.051234902898557033e+00 9.897724260378394368e-01
1.025539793877488171e+00 1.145177161327297410e+00 1.089161785194372456e+00 9.474872440137319662e-01 1.015441060938787832e+00 9.780801353819358335e-01 9.202170602311782188e-01 1.059560150335506323e+00 1.381235176947893883e+00 1.025815636734395131e+00 9.986341766455141267e-01
1.012034124708615757e+00 9.919115834255289865e-01 1.026068514921437247e+00 1.072069148984305942e+00 1.231917206371677675e+00 9.542431441578846929e-01 1.054343091146857869e+00 9.895613170121900781e-01 8.206343060099698938e-01 1.073715149451996531e+00 9.981460123072691815e-01
9.906694055071619820e-01 1.042727292104609571e+00 9.668868146943037090e-01 8.950142224097105137e-01 6.369863402575508537e-01 8.791477812982173567e-01 9.065862467814931325e-01 1.061428229919712196e+00 9.338346269269850453e-01 1.275366507999927013e+00 9.903827351875665874e-01
9.940306082572375468e-01 1.074997836858255340e+00 1.074054295030896888e+00 1.040783055163526427e+00 9.649289453928637794e-01 9.496175056001256998e-01 1.087427446787427865e+00 1.077166606623684464e+00 8.624798572253293827e-01 9.317845860528201074e-01 1.010420286086777253e+00
9.956661060885769743e-01 1.176593669176557055e+00 1.069096597757019484e+00 9.845511236600676952e-01 1.009275112557842524e+00 9.982411836587793408e-01 1.092040262698734887e+00 1.001032424330345894e+00 9.387854364911636385e-01 1.065551054969221312e+00 9.909075449751902909e-01
9.814619758077103295e-01 9.633929099196882895e-01 1.063862486404950181e+00 9.634594499858929462e-01 1.101410555331217012e+00 8.985884626547098186e-01 1.024905723975611416e+00 1.041232302375548313e+00 1.021741565249841166e+00 1.040016832153537907e+00 9.990205588115144142e-01
1.005207582914088515e+00 8.536037995782519427e-01 1.078310241162216299e+00 1.164248301881014358e+00 9.575192199938961091e-01 1.028582652384865792e+00 1.016519437413352600e+00 8.967717521278526505e-01 1.037193555605341544e+00 1.034804196937973320e+00 1.014137165893338022e+00
1.012449929481456179e+00 1.194834300696962170e+00 9.949665667256858415e-01 8.757788166603457380e-01 1.148091891611634718e+00 1.049668458004040072e+00 9.179878207482330410e-01 9.858830913042191391e-01 8.795034462090042249e-01 1.111335102540956576e+00 9.953831396480050664e-01
1.009469953863732172e+00 8.979763159348972401e-01 9.640884036232302279e-01 9.938741391035992301e-01 9.740640830889274460e-01 9.944108240689036871e-01 8.839832016459815422e-01 9.776816791826822284e-01 1.011085306743141787e+00 1.128542786744598958e+00 1.001468736151385874e+00
1.000354251819563833e+00 9.023942846783983285e-01 1.071730390727169580e+00 1.064045571251221345e+00 9.215992668368256924e-01 1.002176112019284249e+00 9.503748056750952466e-01 1.177189821688137794e+00 1.028331635973838809e+00 1.228540690468540753e+00 1.005727714222016456e+00
9.904212724624614772e-01 9.599591498037837178e-01 9.586239205313519252e-01 1.138480023715740863e+00 1.076121260976538263e+00 9.406411196853783352e-01 9.638400091736407660e-01 9.189408174171217469e-01 1.202279243316092705e+00 9.780735754388022452e-01 9.986929786565874601e-01
9.844098357266979349e-01 1.006348128078890625e+00 1.005633726261275118e+00 1.150154607603265156e+00 1.104231935682914001e+00 1.052869154070078972e+00 1.076287541631423483e+00 1.057801270564528551e+00 8.214724497318298679e-01 1.055324791343738244e+00 9.876056918731901391e-01
9.971739889785099509e-01 9.283097659286919656e-01 1.012268236475143857e+00 9.857748515988300486e-01 5.390360163828986639e-01 1.058253450288054287e+00 1.014282753828383621e+00 7.731887893490144714e-01 8.787659503771863001e-01 1.089233797382245683e+00 9.970746973458461948e-01
1.002753650498665383e+00 1.099503557229760897e+00 9.870912055346550140e-01 8.811490245063307025e-01 1.125797398844079700e+00 1.087058380551172654e+00 1.109501817693069547e+00 1.092752333471720183e+00 1.075869800937532927e+00 1.349502275431796905e+00 9.869038333200718105e-01
9.928398803387858962e-01 9.928543820866562175e-01 1.011753940320696543e+00 9.712179995420994194e-01 1.113514570999180053e+00 9.038059221180348990e-01 9.682918323722764509e-01 8.937548931403888064e-01 5.460100947544499483e-01 1.057621355383745243e+00 9.992075565775763168e-01
1.006709697515292046e+00 1.010016611978791667e+00 9.372385436173563678e-01 1.047061940737353369e+00 1.036785431308268945e+00 9.330415074853967150e-01 1.081097803918584122e+00 9.806083852869134088e-01 1.220440473864274455e+00 1.201876217922801526e+00 9.983560700719770198e-01
1.000155041418341995e+00 8.319146093883448279e-01 1.000071662432913566e+00 1.217096000855711235e+00 6.732928578084584892e-01 1.074704182904477001e+00 1.045671506428128339e+00 8.250910192583270630e-01 8.842417970340559208e-01 9.342331457024578567e-01 1.001005330372445101e+00
1.006588887589966452e+00 1.203300221021649463e+00 1.016151157727543497e+00 1.059632702587786079e+00 1.267243198524005798e+00 1.202996545985635324e+00 1.031811297409872097e+00 9.325119707501485777e-01 8.720600357865165853e-01 1.026774509297693871e+00 9.970224038385178122e-01
1.005932993109242224e+00 9.983081308721297731e-01 1.018575293611975408e+00 9.487133100364730787e-01 1.016525312795794722e+00 1.058069161591188356e+00 9.954303066226309893e-01 1.089248370397195131e+00 9.883719434467870268e-01 1.004854531387639582e+00 1.016123954039286792e+00
1.023748711513692511e+00 9.742907625763767010e-01 9.569715763377086848e-01 1.034865928609980612e+00 1.013858559952471872e+00 1.061387537229638633e+00 9.906343240914439185e-01 9.586361708151160954e-01 1.163070977344379031e+00 1.020800452722182783e+00 1.000036101723628335e+00
1.007120308334145786e+00 9.611268324003841013e-01 1.017018925259114859e+00 1.049827885996801102e+00 8.061062088539210357e-01 8.595233241294329973e-01 1.042115633057784319e+00 8.694290146628180782e-01 9.037233805519294672e-01 9.311033546962159679e-01 9.996828823162989819e-01
1.004346738808879147e+00 1.044435332965569341e+00 9.630668241869378976e-01 9.962825534954128370e-01 1.219255095280601831e+00 9.879572075434386313e-01 1.094030399997971692e+00 1.055818613255294469e+00 9.489921153701239565e-01 1.265766261394400072e+00 1.018469052329147972e+00
9.938930098299880722e-01 8.903650242358843725e-01 9.526244327619286523e-01 1.144483055432263141e+00 7.077471295573065646e-01 9.901263230706512930e-01 9.356141270064607385e-01 9.564020904842224224e-01 9.029416258350417834e-01 1.019820718704774087e+00 9.899415196024010655e-01
1.013993279437267026e+00 1.159206598345289274e+00 1.036691081283886984e+00 1.089469076053863450e+00 7.124727132669157470e-01 1.284201499605935215e+00 9.546564911400421405e-01 9.345431038490998876e-01 1.064664074486930678e+00 9.400542150096733440e-01 1.003685947276845347e+00
9.944122260311785144e-01 5.159209595819048699e-01 9.020162588125610892e-01 9.400529701211384204e-01 1.169193687007431981e+00 1.068568314219673354e+00 1.009309826695419687e+00 8.591614434284676749e-01 9.921067697724181844e-01 9.932771493593788303e-01 1.004988396171334841e+00
9.873622997342129670e-01 6.144615348458019044e-01 9.217098299490413815e-01 9.483263789937508292e-01 1.239206817405211325e+00 9.734814413014061252e-01 1.041739628032431142e+00 1.017645371537346799e+00 1.133655839239669838e+00 7.726223720603907497e-01 1.010185356099700726e+00
1.007951975588041948e+00 1.254734412562766188e+00 1.036355451451741017e+00 7.832820052883616713e-01 1.145936117064460191e+00 8.343410808536610990e-01 1.000066074520525206e+00 9.369717199919942452e-01 1.143199876164690210e+00 1.090069102207680274e+00 1.007767394422748986e+00
1.010793273852142127e+00 1.020199362931404785e+00 1.092615943908222365e+00 1.020987263278860135e+00 1.123705540141348713e+00 1.166763886195878230e+00 9.624615388424450080e-01 1.153320892639563500e+00 9.044597543013819241e-01 8.697911450638086128e-01 9.995688871005443676e-01
1.007647390548972899e+00 7.624479895516316219e-01 1.140396257912879019e+00 8.694100627009334614e-01 5.750790113831121264e-01 1.038852222349291754e+00 9.485553183080812634e-01 1.016582732478714890e+00 1.260120328362884567e+00 8.435336150365745356e-01 9.909613313126125478e-01
9.944616647164524759e-01 9.428772423373470435e-01 1.041446825850236291e+00 9.012774318360465831e-01 9.560245015086368259e-01 8.157332934652735679e-01 9.702065807453222890e-01 1.104063890941403780e+00 1.194496881637501895e+00 8.625445586689961530e-01 1.001361986803928295e+00
1.008995268414731195e+00 1.246143715038591449e+00 9.238653128813547610e-01 1.027067805303862436e+00 9.490027723498387635e-01 1.002530650738419959e+00 9.610531859685187417e-01 1.087939893796431523e+00 8.920111777164849709e-01 8.569142986314265409e-01 9.976169822412104260e-01
1.001428409617213244e+00 1.033068955661292865e+00 9.556868805394246325e-01 8.500776844159426693e-01 1.013257341583412741e+00 8.714177977046058121e-01 8.695209848468536951e-01 1.010259646619796392e+00 8.699245761456559922e-01 1.173747696084526781e+00 1.015646940636232065e+00
1.018615788180023074e+00 9.915502799061912675e-01 9.984636713098393734e-01 1.149344575473970842e+00 1.178895360761222477e+00 1.025887306740524973e+00 9.273000919322104130e-01 1.004099721577879745e+00 5.537134582268803396e-01 1.006224900570205971e+00 9.952051328320115076e-01
1.003965430645765267e+00 8.772451149698593520e-01 1.029145514563428288e+00 1.002792672691181330e+00 5.877057608176403658e-01 1.064996706736414334e+00 1.100421397796353062e+00 1.187744651565345366e+00 8.191155951031007243e-01 1.028531403372745956e+00 1.015174428779788141e+00
1.003254106665696144e+00 9.375178081225170601e-01 1.050955489964231049e+00 8.023508503931396918e-01 1.136875129304298904e+00 9.356964885319650760e-01 1.144390065512094434e+00 9.546409666836225272e-01 1.002624060842469689e+00 9.952074987167728315e-01 9.882558100602577555e-01
9.957440211163551824e-01 7.440066423692274222e-01 9.550475298866163421e-01 8.883077444563169944e-01 1.249781787223758656e+00 9.289706734703172542e-01 1.160868716886596319e+00 9.966565542918126575e-01 1.156115893099640246e+00 9.457147428943021295e-01 1.013289371690204277e+00
9.895195481657561576e-01 9.470612547284665839e-01 1.057435361450474787e+00 9.792848110999001765e-01 6.677786275670709593e-01 1.006565247819648512e+00 9.600530465360918031e-01 1.022979991534275435e+00 1.137301889547532863e+00 1.118449211079582950e+00 1.024921700535170732e+00
9.998593971383525902e-01 9.293899055066262571e-01 9.903991033914535391e-01 9.555993146391430493e-01 1.264772854821809123e+00 1.156087697424067251e+00 1.130285770490337960e+00 1.015609623111917159e+00 1.224845574029192807e+00 9.136412676786207498e-01 9.925202707467902785e-01
9.948427680540471441e-01 9.828717588025932539e-01 1.011178572719214186e+00 1.129982946220318141e+00 1.058892798186528816e+00 1.126799806625031097e+00 1.011960489555656650e+00 1.013762093047350543e+00 8.120887686184999898e-01 8.368040535029289684e-01 9.992436830107934709e-01
9.988868291032588775e-01 7.487435196596081699e-01 9.597605204699296566e-01 1.001855554009738469e+00 9.607346242623969745e-01 1.161999437323029793e+00 9.128288243730556806e-01 9.787919553372408377e-01 8.423219724680017784e-01 7.283914148437318214e-01 1.011925386995283560e+00
1.000865035496196098e+00 8.941325793509010689e-01 1.024010975541988611e+00 9.619039723586770840e-01 6.831416637929133007e-01 9.705654707772074508e-01 9.940563634866512732e-01 8.980406513164016502e-01 1.320212190718738521e+00 6.092188605533095380e-01 9.886887030350191008e-01
1.000984330581988768e+00 1.128992963833398866e+00 9.762401332414416544e-01 9.765040013018465581e-01 7.699001973910329921e-01 9.205169094922223127e-01 8.541390820291115960e-01 1.119106912668478948e+00 8.477430448032270416e-01 9.226672432619124065e-01 1.002088221085458253e+00
9.888858170408858506e-01 1.092888998340080020e+00 9.879019976290731586e-01 1.085666317946985648e+00 1.000475700088144571e+00 8.944759383426650334e-01 1.059079653071943516e+00 9.303196846545839227e-01 7.404093505041509093e-01 1.105080034459127614e+00 9.931833876603332056e-01
9.772756974851930512e-01 8.002321716748083125e-01 9.851203634711662716e-01 1.012670709972778083e+00 1.291497986452834201e+00 1.050340158250571809e+00 9.292864472560996569e-01 1.040762627081387892e+00 1.248828421329571281e+00 9.347217199068723614e-01 1.020670524178964644e+00
1.015127562701221509e+00 1.078904736452157120e+00 9.735000589041510333e-01 9.788279084010936826e-01 7.872055098865362588e-01 9.487319725095024747e-01 1.024561875781057729e+00 9.890998713035372703e-01 1.118453035259332928e+00 1.158873714565189950e+00 9.933268950923581642e-01
9.868238306899924650e-01 6.989901697523770441e-01 9.927709551005452493e-01 8.644727590317172750e-01 1.082175167278730754e+00 1.037360097233865019e+00 1.075570872200209749e+00 8.908370367633772213e-01 1.188378265197250316e+00 8.006005522520416307e-01 1.011582552190370299e+00
9.994973099137914874e-01 1.158065975157090977e+00 1.041779989191792932e+00 9.725946091435889729e-01 1.317065082369791140e+00 1.071056032226778587e+00 1.054978103271257961e+00 8.418691588474878085e-01 1.214642434983035812e+00 9.761854561700210597e-01 1.008282008014381725e+00
9.972503135297512422e-01 1.140013021388777803e+00 1.017949787578883214e+00 1.063304231086908969e+00 9.933441482293203784e-01 1.037244791488514339e+00 9.785423480622037484e-01 9.557401955949104133e-01 7.735881379162725668e-01 1.190093036150459804e+00 1.004898472289591504e+00
9.841594117190138880e-01 9.774773294680441094e-01 1.045539499841462661e+00 1.077979393195792168e+00 7.661067309695455130e-01 9.720912123659740667e-01 1.011066927139108840e+00 9.383087943204968528e-01 1.035982088229606468e+00 1.050618117675117258e+00 1.009833732002848317e+00
9.958303764917787460e-01 8.745336345165161118e-01 9.984152051904452430e-01 1.173193235956056846e+00 1.050911333492257738e+00 1.013754560907546676e+00 8.430298649189125193e-01 8.301256895480537690e-01 9.395645504662144543e-01 1.188887692547609509e+00 9.969874613880219671e-01
9.953215867267031225e-01 1.164031131725641099e+00 1.034226798173669915e+00 9.880031756635939688e-01 1.019610817922705692e+00 8.512239608776543953e-01 8.931427508427655093e-01 1.027979435359659188e+00 5.672463612525822096e-01 9.847037008697846483e-01 9.997167819367112074e-01
1.017396972377312636e+00 1.076124374949986695e+00 1.043103852692940814e+00 1.005578958105880938e+00 1.018833788114056782e+00 9.596525772428703416e-01 1.099725730021028136e+00 1.081078561107416514e+00 9.368878627246248758e-01 9.468439148018539253e-01 9.943139470721342743e-01
9.987619614281173508e-01 9.582806904313205809e-01 9.726133460177619483e-01 9.644284869649358827e-01 8.440298291843435496e-01 1.008159163961109384e+00 1.096013186874815748e+00 8.431814945695207397e-01 4.457890292596845550e-01 7.934523226668991347e-01 9.933969940422368028e-01
9.838555308946568267e-01 1.171418854782867447e+00 1.023742035593977695e+00 9.904387308166697768e-01 7.932841146991473913e-01 9.555966140607975445e-01 1.029235167981990218e+00 1.038379308116146760e+00 1.055577112324283195e+00 8.465220795482055749e-01 1.006646499825244234e+00
9.986207808816116582e-01 7.864303417826267184e-01 1.045072874232766402e+00 1.174191779421724258e+00 1.006618796550436068e+00 1.215544031362820743e+00 1.023245211748226247e+00 8.412154239817825063e-01 6.792660538957644434e-01 1.038585831414958305e+00 1.010460466530570978e+00
1.005760330750860243e+00 1.048082066253268385e+00 9.223232114620500965e-01 1.048941073192481976e+00 1.233130323926466598e+00 1.080998909155061583e+00 1.033737972467509092e+00 9.715995934341294937e-01 9.945706516712990997e-01 9.888751467921385041e-01 1.009428370088337523e+00
1.007549218010195036e+00 1.125849762911616203e+00 9.835089769485971800e-01 9.388930095595466874e-01 1.045552380932871506e+00 1.046287553354688482e+00 1.066872219799293919e+00 1.166296278197698655e+00 3.328282694717991097e-01 9.041714085743000062e-01 9.926127687566815849e-01
1.007740639268897231e+00 1.190445336659179176e+00 1.012040552024963125e+00 1.124950225294254480e+00 9.263798019524399630e-01 1.081097200565523497e+00 9.025163911757917434e-01 9.288081839140792662e-01 8.276637263155592894e-01 1.165234294182338592e+00 9.937069398509775775e-01
1.001656147778559047e+00 9.543028773994698399e-01 1.044922937964777088e+00 1.015490642269104571e+00 1.023573793861896286e+00 9.381602443451043660e-01 9.752012096206108538e-01 1.051333132105854995e+00 7.931467748010345709e-01 1.195743583905792828e+00 1.005978482348100611e+00
1.018421493644262821e+00 9.555392844224583904e-01 1.016338133071506444e+00 9.003048605598216181e-01 9.183779151401372243e-01 9.473162464345116218e-01 1.090039835098725041e+00 1.267069794883738609e+00 7.606799983483356620e-01 9.709848199912958222e-01 9.960218362402295522e-01
1.011110419874243549e+00 1.051590473715476204e+00 9.790456010450361291e-01 9.970540962578979816e-01 1.054631644153633419e+00 1.023042110876955846e+00 9.700907190598638818e-01 1.003272704139682059e+00 7.067644595155484488e-01 9.771262662336154259e-01 9.757905928777601545e-01
9.960855481274076828e-01 1.121030953803368924e+00 9.229778288106433859e-01 9.360625475786426009e-01 8.642551102116764472e-01 9.743320420161345474e-01 1.033771296569097276e+00 8.600319866199940266e-01 1.144923661583399088e+00 7.218813151741003686e-01 1.004804477412230668e+00
9.962226645217948651e-01 6.002783131444464626e-01 1.014784815779832705e+00 8.791270312103551809e-01 1.128326218508677981e+00 8.886440212132250549e-01 1.039619799858158000e+00 1.087018300074310329e+00 1.043240598946854503e+00 9.745693555507659589e-01 9.916272027452783799e-01
1.009667010483253247e+00 9.136325822872987112e-01 1.000722519513661091e+00 8.504488301981620868e-01 1.051855538344309560e+00 1.179106484415588296e+00 1.154896399579317334e+00 8.488806200258960377e-01 1.226188579773651588e+00 1.143469967435287060e+00 1.006880582271634239e+00
1.016377142606179840e+00 8.889005880912582702e-01 1.028847108035590763e+00 9.693070415798296091e-01 1.085883793864856672e+00 9.608587793412003419e-01 1.019188403673860099e+00 8.792366336701359364e-01 1.208004805094687883e+00 1.146517119900902992e+00 9.987546757797803876e-01
9.834666542330714467e-01 8.629854283875452170e-01 9.464779195919580390e-01 8.703788872917858077e-01 5.111806331741867160e-01 8.572284113199436506e-01 9.948515048974229114e-01 9.454647323646147017e-01 9.771993540661225719e-01 9.478544751826076808e-01 9.976817390604286739e-01
9.852934534624261387e-01 1.012306825499551310e+00 1.054636558837336091e+00 1.095844082525290641e+00 8.655656631734852668e-01 9.463464915542851852e-01 9.001901624095743903e-01 1.002080871628481917e+00 7.336721478897081372e-01 1.092840378676606994e+00 9.859029084521222508e-01
1.007005031022506714e+00 9.997828946979051556e-01 1.052182014188403292e+00 1.193681786892048846e+00 1.020492135002965428e+00 8.925237431775631114e-01 1.085813372524669029e+00 1.036148712216949708e+00 1.239245547966994376e+00 7.889607203704217531e-01 1.009239181594687063e+00
1.009765264079762970e+00 7.023583701352793529e-01 9.661422486689464906e-01 1.043380446209171586e+00 1.245801582985638589e+00 8.434875118380752435e-01 9.589576662740402213e-01 1.163554647312607049e+00 1.268260508939974551e+00 1.206126682615923817e+00 1.004323878364771438e+00
9.964434625068034901e-01 1.048839659599028584e+00 1.001668630910016899e+00 8.280824195951383970e-01 7.134702521377391804e-01 9.711317314224863217e-01 7.834540858091634252e-01 8.147825917152011765e-01 9.782790867713124783e-01 1.132793364894499222e+00 9.902690107116758345e-01
9.976474365740147787e-01 9.975443901363213461e-01 1.023378997685318481e+00 1.030380235268396838e+00 9.549373275441842557e-01 9.321637545418078874e-01 1.029485149491159879e+00 1.124712013953456768e+00 9.813809879994769281e-01 9.530299501273034046e-01 1.002682647040716635e+00
1.019287729102009044e+00 1.120029147770718936e+00 9.931120121756635832e-01 1.089880934746373820e+00 1.257185111369033548e+00 9.186065233974003430e-01 1.044533605532233400e+00 1.045985829260360322e+00 1.063854005104251987e+00 8.486298863672911974e-01 1.004980272645646933e+00
1.006515670174024324e+00 8.872778250767975328e-01 9.704073248908506866e-01 1.009261756061445858e+00 1.088991362804465179e+00 9.652033872730780839e-01 1.114624932568303306e+00 9.052142505119935567e-01 1.039536933868326685e+00 1.249707040449732132e+00 9.906374672395038550e-01
9.973104716888483434e-01 9.466518243512402897e-01 1.064711839814005634e+00 1.017210471478254386e+00 1.143746094005363645e+00 1.242454489798151984e+00 9.729947602573478793e-01 1.062422502280443881e+00 1.007736254876834936e+00 9.715675471673010932e-01 9.937458796507443459e-01
1.001594647826296702e+00 1.029982098920953160e+00 9.761514057218571017e-01 1.127056765974936203e+00 1.022113894601798023e+00 9.793621690948721703e-01 9.400605530015218037e-01 1.023854803733171392e+00 7.541829923981424599e-01 1.245488312540633968e+00 1.003936998110603884e+00
9.866666479675612056e-01 1.083022651091136490e+00 9.731453816761822528e-01 1.051332128437628910e+00 8.219061340340745314e-01 9.677600589362879147e-01 9.605632225947338121e-01 9.916855892764461222e-01 9.166577586633302133e-01 9.795119537115426489e-01 9.912870720857592799e-01
1.006619934646681980e+00 1.201131621745519684e+00 1.050300165671094410e+00 1.017616274024637946e+00 1.093052574710965841e+00 1.021898668777306840e+00 1.060950161474491615e+00 1.170142943721382167e+00 9.638561225595823068e-01 7.134864145950827741e-01 9.988133893943181851e-01
9.829475937486380488e-01 9.087889367289906373e-01 9.184332539909511040e-01 9.393820793747700293e-01 8.568586870514162124e-01 9.168620712890037661e-01 1.038770798386440042e+00 8.944353379491301048e-01 9.665516325825556088e-01 1.022221178064192548e+00 1.008083373869130828e+00
9.974801851149238674e-01 9.781960863791665517e-01 1.059283218302689455e+00 8.308012139339819857e-01 7.600196255459816808e-01 9.480709299039483673e-01 1.036974311924612646e+00 8.263210497297968082e-01 1.041794600309693841e+00 9.510101660868306439e-01 1.013455226158606282e+00
1.006876165167546411e+00 9.046228441614284632e-01 1.064251828307797298e+00 9.811178798908730680e-01 8.726355397024754268e-01 1.180323336385183275e+00 9.822450939316225149e-01 1.233475534196810219e+00 8.734273679860946604e-01 9.642326509557329617e-01 9.913098830994666599e-01
1.000584665754169045e+00 1.076737606241283451e+00 1.089762690448812688e+00 9.271216578571028766e-01 1.134370959485734076e+00 1.052320903055357526e+00 8.999293127348588772e-01 9.328835276039698643e-01 7.218601291739488168e-01 9.414222545670509756e-01 1.010797448333137893e+00
9.983655200557604026e-01 1.086729346840830335e+00 1.037539648099525813e+00 8.601000608876409048e-01 9.354388203870602769e-01 8.845525639684987951e-01 1.062804399028741908e+00 9.840222853204744213e-01 6.523868038572822048e-01 9.776091540821636450e-01 1.002384430525577574e+00
9.938885556439750468e-01 1.057437171022023392e+00 1.096003485035426106e+00 1.020080416705431148e+00 1.204808694653863643e+00 1.014449147779472815e+00 8.459073246854673656e-01 7.960096041505317910e-01 8.565973571218366001e-01 1.031694215635251766e+00 9.980948420344769589e-01
9.966956512043462224e-01 1.041054658457337245e+00 1.052633587698454276e+00 1.083501907247979679e+00 8.479335248762353006e-01 1.106383305686042151e+00 1.004915258677652634e+00 9.235809431502977063e-01 1.263264635110705303e+00 1.207023771486870789e+00 9.976491907391288327e-01
9.994679892936894072e-01 1.110311299903279147e+00 1.019450684183617062e+00 1.216370504395363650e+00 6.121339136013466131e-01 1.070211669719712599e+00 1.070146073328469116e+00 8.205279437811188181e-01 7.782845202794356210e-01 8.904026127126425383e-01 1.006186179181095541e+00
1.011344829958410685e+00 9.400307906453625462e-01 9.031523572253208343e-01 1.030570470518682891e+00 1.034723886038812601e+00 1.075828221422294284e+00 9.988761644005779150e-01 9.793886840221073253e-01 1.049063582830251917e+00 9.968385633128352685e-01 9.958302335072906075e-01
9.956168500644332342e-01 1.127983859227293051e+00 1.026765082930208628e+00 1.104895524822626873e+00 7.386077719851991130e-01 9.374203289638728398e-01 1.002682874529714496e+00 1.123229059485914672e+00 1.289980997808724217e+00 1.041902662594722750e+00 9.844942059989472138e-01
9.873150077751637888e-01 1.098268557912940535e+00 1.074997916575423762e+00 9.863215979726069893e-01 7.845312618926433279e-01 1.114204098770812168e+00 1.001103334105601705e+00 1.074377831859174126e+00 8.912553165211800632e-01 8.165364044123081255e-01 9.989335989899297275e-01
9.922848235942756112e-01 1.149168184595712461e+00 9.700794527775044029e-01 1.179087098301039083e+00 1.370312274665161034e+00 1.000155620832164249e+00 1.064377692583855728e+00 9.601588824025304447e-01 1.039338580894184849e+00 1.452995653845840840e+00 1.006430830024432677e+00
1.015676441942315877e+00 1.016091822541578482e+00 1.027838347447312284e+00 9.254010847713084464e-01 1.458800980155261939e+00 9.645604991096315972e-01 9.185820744150001715e-01 9.009863876491828183e-01 9.286793417382434024e-01 1.183001630060879439e+00 9.919358949168880502e-01
1.005246743451356339e+00 8.266403100558179506e-01 1.021716169977355371e+00 9.753610051124841362e-01 9.899409024734414642e-01 9.715854669868467797e-01 8.858420527431684066e-01 9.420325971521795738e-01 1.033263142193919792e+00 1.035248925626897298e+00 1.009542767582042755e+00
1.000186096895890886e+00 1.162253907824885468e+00 1.081190869569083279e+00 1.085351533444173455e+00 1.031745112482049365e+00 9.007093944744472003e-01 8.402070069554050669e-01 1.215902183759767663e+00 1.170063821527352887e+00 9.130787155236955721e-01 1.005182027159847280e+00
1.015865957436693723e+00 1.084294631953639954e+00 9.610666567629596591e-01 8.602404356145769704e-01 9.068102037158782824e-01 9.418814794796750434e-01 1.063422057510988727e+00 1.064778442701517669e+00 1.353595646438149114e+00 8.583868760214109495e-01 1.002942070273656228e+00
9.951761681698602091e-01 1.019311107256970939e+00 1.027438620028364502e+00 1.160186964205158766e+00 9.086113209260456847e-01 9.522395256143977305e-01 9.552268886301354955e-01 9.283787320697111101e-01 9.377667888190882595e-01 7.575609860243353033e-01 9.920323443549771136e-01
9.947933776412455353e-01 1.331506222552170549e+00 1.067986489972807318e+00 1.203446842871165989e+00 8.599898149196698593e-01 9.992832721682461949e-01 1.077089838001114686e+00 1.110960747230890666e+00 8.379262600419261631e-01 1.186396127648842835e+00 9.939394201860873856e-01
1.022432446341750678e+00 1.000596168328283353e+00 9.665466959551958226e-01 9.069123974135739896e-01 1.039414161077889975e+00 1.092200409020348539e+00 9.706028411991604044e-01 9.997380502517551060e-01 1.094694977993851515e+00 9.972975236315982928e-01 9.854579434222145995e-01
9.946229858137547453e-01 9.299679007444979773e-01 1.005044685217665323e+00 1.108186601544543404e+00 1.083722465295478887e+00 9.766358266369904451e-01 9.901799854063388917e-01 9.653204876130272449e-01 9.276733649786417235e-01 8.685989870324293260e-01 9.989137616875655157e-01
1.001272696998248168e+00 8.690271355110411600e-01 9.501265002800773907e-01 1.030046044552848539e+00 8.623476008601642651e-01 1.016516326515825019e+00 9.892310426826914638e-01 8.631122980780967513e-01 7.243367071148156811e-01 1.173268674995229022e+00 9.877808183813937548e-01
1.000740527166495530e+00 1.271125385435861288e+00 1.051995841640684271e+00 1.006731709343896108e+00 1.387774147438250782e+00 1.073658288488639645e+00 9.298587383870657863e-01 9.697185399200298761e-01 1.308045214770209297e+00 1.204212216167336091e+00 1.000495397883648163e+00
1.007261283022637954e+00 8.836739406503290040e-01 9.946788628525776721e-01 9.042918952939278388e-01 9.391454548661325452e-01 9.653425829336862440e-01 1.047307265281399058e+00 1.154466185035063042e+00 9.537037445184445295e-01 9.522782870447051851e-01 9.922453504530318602e-01
1.012736702129790389e+00 1.027311096462930617e+00 1.059696967107241372e+00 9.017081735507666007e-01 9.038754213271521509e-01 9.883606163282102619e-01 1.121594007426243156e+00 1.075327923791556728e+00 9.460068695172924036e-01 8.663746051609899634e-01 1.004062112311634891e+00
9.921185253617047506e-01 9.179215007580355801e-01 9.554525874738990510e-01 9.502113127743394561e-01 8.760107066562585754e-01 8.756327099943504999e-01 8.354036948094942794e-01 1.043610886748632005e+00 9.010681496001730073e-01 9.694559833561756657e-01 1.016794439533172278e+00
1.002187972637422986e+00 7.363911699335358163e-01 1.008683828351625733e+00 9.648289637980205224e-01 1.372546661112042710e+00 1.091968682026108972e+00 1.045951613845389705e+00 9.581399527762599622e-01 1.237199491345070124e+00 9.628374915186690419e-01 1.007382410022151786e+00
9.861919757064850911e-01 9.663581247843585631e-01 1.105336460615152561e+00 1.049870555898639202e+00 1.230755893810540513e+00 1.026732444792625598e+00 1.051265966520163575e+00 8.761395506049747262e-01 1.100983907559127672e+00 1.045406351165012904e+00 9.943675943614849189e-01
1.016688702729451776e+00 9.161220482045632219e-01 9.770528988324710395e-01 1.052868207473671269e+00 8.751568430525658027e-01 1.049334974525838904e+00 9.720847094481418482e-01 1.111845224887240136e+00 8.226177353440029538e-01 8.574085425466902999e-01 9.974768782907663667e-01
1.006240433769221676e+00 1.287317801364131542e+00 1.021111909223184178e+00 1.070651741633673382e+00 1.037743530401849190e+00 9.343543778105419806e-01 9.078967488385153439e-01 1.036706252565521069e+00 9.580784020770987119e-01 8.338823784866132849e-01 9.974347245479071589e-01
9.858907557475060646e-01 1.033605088967382457e+00 9.852045270695841683e-01 9.348465046642897569e-01 9.519373658206284894e-01 1.090139950711236816e+00 1.012484274998753930e+00 9.958685654785457420e-01 9.096511175817376671e-01 7.175288582479784072e-01 1.010903252412524322e+00
9.867617028198655271e-01 1.074223272231004556e+00 9.683783429742375271e-01 9.933058132526920714e-01 1.409074204153879517e+00 1.085389119193366447e+00 9.834557850634013665e-01 9.319969291771327269e-01 5.352175310155657950e-01 7.094662051659395008e-01 9.946562260096757369e-01
9.996457137785617064e-01 1.359163557709942349e+00 9.233936285261016286e-01 1.020670658570354661e+00 9.539034424272300194e-01 9.970085671132381533e-01 9.282021362045056456e-01 8.535932279668246858e-01 1.013341653428461608e+00 1.257909278636252903e+00 9.992765696415927268e-01
1.003113516388554505e+00 7.616372163003006790e-01 1.016627934496307395e+00 9.744854988887170499e-01 9.155974276445066895e-01 9.507862490679019896e-01 1.001837863377902371e+00 1.118171502153453511e+00 9.137876384364316262e-01 1.103977276516435735e+00 1.003093751824039037e+00
9.871297957291256253e-01 8.568538124631652764e-01 1.093715522687108699e+00 1.023867358875893530e+00 5.035968818844471784e-01 9.681110848353078335e-01 9.095794654249499400e-01 9.849986437077352663e-01 9.542702592610431411e-01 1.001150066377777259e+00 1.013987326281294177e+00
9.985192278650063535e-01 8.412739231899557524e-01 1.043308661046905339e+00 1.155033615314798201e+00 1.183985284023824747e+00 8.586801579318462663e-01 1.072268827927941981e+00 1.158827407828029399e+00 6.058114281069021390e-01 8.707506878075558232e-01 9.897373464285308398e-01
9.876772451516319107e-01 9.407432367247184901e-01 1.023940908894191981e+00 9.507473900947245316e-01 9.164426364625135601e-01 9.682929051547660704e-01 1.118021751215315218e+00 9.927883040679629234e-01 1.057938216308006218e+00 1.176275173837940224e+00 9.915294791699583721e-01
9.933026550995207593e-01 8.388264918373159462e-01 9.771994959185882346e-01 1.244695656879132528e+00 6.945874666566844713e-01 9.907605625855407938e-01 9.887357957963116561e-01 1.110236158806182649e+00 9.108709540349182454e-01 1.012456973836386220e+00 9.930955696976624392e-01
1.024028177187644495e+00 1.068521134059144950e+00 1.035939048841312049e+00 1.145313583219386810e+00 6.784479905402109878e-01 1.039620064846489056e+00 9.850323832589434891e-01 9.054051556980375892e-01 9.928984999954473256e-01 9.550590423705244136e-01 1.000245460600568848e+00
1.007864963919868240e+00 1.047741139267952537e+00 9.972846834794479864e-01 9.473356919789264197e-01 1.068959179429399109e+00 9.309689510442017424e-01 9.820051138050753803e-01 1.111143543480386020e+00 6.440063485204261529e-01 8.449936440335167331e-01 9.929295313869812567e-01
9.861016037054272099e-01 8.377615780394978007e-01 9.480464321767755331e-01 1.123809556211427196e+00 1.005048415391464500e+00 1.177636962858002123e+00 1.120912433708814326e+00 1.094229036579652092e+00 9.736360195307557364e-01 1.016676501459199189e+00 9.950974533560560387e-01
9.863228904054692769e-01 9.948854336467085613e-01 1.070889849031155805e+00 8.343406868519779307e-01 8.328604335899945088e-01 1.021531779932718376e+00 1.069798872198109096e+00 1.078270976592056396e+00 5.265317788425636358e-01 8.680277178853467168e-01 9.850133927120239274e-01
1.002785755325273254e+00 1.071339358211895298e+00 1.090698408818100207e+00 9.737265666936557595e-01 1.028116872948542815e+00 9.285828327915719438e-01 1.075314020424864347e+00 1.063757418713059844e+00 1.111257153101200545e+00 7.337107755499681083e-01 1.008759105166708636e+00
1.004718090103631001e+00 6.823309802453887407e-01 1.035117155354912999e+00 1.032069525279114330e+00 9.503457633442080610e-01 1.108240085776404760e+00 9.362081634654100259e-01 9.569627403786660214e-01 1.151710208017271198e+00 9.756086233929559537e-01 9.901484578287643723e-01
9.984119748400945848e-01 1.056499015075271775e+00 9.406044467282655974e-01 9.432856069813877475e-01 8.428804316394089557e-01 8.256438735981747046e-01 1.028091223216938799e+00 8.517480394567702451e-01 1.087779378299842170e+00 1.144967137078905406e+00 1.004472804203681680e+00
1.005311253648763170e+00 9.547920548885034941e-01 9.443519450325251752e-01 9.287802972383828459e-01 7.523645979638902137e-01 9.443750587573086497e-01 1.073739618412982155e+00 1.005253333793456383e+00 1.116589429134047684e+00 1.067089364728581069e+00 1.005393739598990033e+00
9.942782573628795584e-01 1.163357348433020855e+00 1.010552544614127468e+00 8.485951819416773789e-01 1.055204746289355011e+00 8.724309591394694419e-01 1.113697666625464322e+00 9.472899176946829591e-01 1.067690872390224754e+00 9.449956297660221383e-01 9.949788892849800170e-01
9.842760392282514648e-01 1.143406932001991061e+00 9.549027244969949813e-01 9.124345405503869744e-01 9.584954378229797456e-01 1.076551273057804625e+00 1.060325389449316091e+00 9.660541092624452819e-01 7.999295322506074779e-01 6.959549682016290539e-01 1.010141175569230443e+00
9.935878949750320821e-01 1.097054545376717094e+00 9.892085771506146097e-01 1.029351234443690588e+00 1.129169001291170815e+00 1.033233284840455513e+00 9.245990560578941642e-01 1.175303995596176376e+00 8.685735345821120612e-01 9.432704663970543635e-01 9.961983837081591631e-01
1.007015152423667903e+00 7.931155225100828821e-01 9.155015176644327735e-01 9.759363481190749257e-01 1.071519732033855421e+00 1.112684664276180513e+00 1.003332011014638869e+00 9.406931306455484920e-01 7.089147042541361632e-01 1.163759110522964546e+00 9.712843880623152071e-01
1.001830753743132574e+00 1.299737438794658750e+00 9.677228510266384642e-01 8.734013186219756752e-01 1.273056596164457321e+00 1.104365899275898677e+00 1.151143378601798384e+00 1.008878973851119243e+00 9.640809202771436492e-01 9.893754144688261531e-01 9.896144872858630981e-01
1.011665306545803444e+00 9.480627346065919614e-01 9.935500874148186501e-01 1.038211592288307283e+00 1.024714703788153436e+00 9.398633913092860892e-01 1.094924914164261631e+00 8.502304840244612194e-01 1.244195387867747638e+00 9.944554794434019573e-01 9.951419388778538488e-01
9.963098770724801989e-01 1.156899369734674110e+00 1.022667757066950234e+00 1.007526997696894577e+00 1.040538621086734228e+00 8.650241218599002968e-01 9.203096481381591865e-01 9.208625189619811247e-01 1.012183345728542072e+00 9.516442234630556607e-01 1.006066022223806478e+00
9.969807255892839670e-01 9.787374463841849170e-01 9.640667164697365177e-01 1.028701813686747624e+00 8.393719009617466309e-01 1.080415794692290765e+00 9.722960100765600799e-01 8.352490611399157050e-01 1.081290202073540208e+00 8.609217825545283365e-01 9.889725425002220405e-01
9.918356076718731762e-01 1.253365094505266342e+00 1.005375192340623114e+00 9.372724750009239214e-01 1.129904910166973586e+00 1.083421233665017969e+00 1.003874290535726077e+00 1.021862237952591679e+00 1.216216912015119833e+00 1.075528829681088538e+00 9.999499102355279279e-01
1.010124180122619286e+00 9.820253593301335737e-01 1.017166146830838391e+00 9.064086384731789847e-01 1.090337008498192706e+00 9.872360134732485193e-01 1.053325594586800973e+00 1.091276516024530574e+00 9.256718527693024168e-01 9.672168206004504443e-01 9.944165537921798581e-01
9.989185758617529221e-01 1.172461305400816167e+00 9.964103169515720060e-01 8.989936949786737630e-01 7.222038332768183633e-01 7.865538789306528722e-01 9.994777183368329654e-01 9.600150962057659720e-01 9.219708921795342071e-01 1.008231949871241984e+00 9.921332014416777145e-01
9.962631374969407316e-01 1.081289205653797714e+00 1.017337971586247836e+00 6.481486861314669223e-01 8.353180289520072410e-01 8.941578481838697856e-01 8.769416898040663932e-01 9.542348797804670602e-01 1.095095955142912025e+00 1.150912180875791169e+00 9.985764064055944189e-01
9.827528702192260823e-01 8.864836599979308840e-01 9.893232240858702564e-01 9.569547717403191767e-01 1.114242717007147165e+00 8.786379851407937203e-01 8.762472603044196839e-01 8.953555592018843656e-01 9.567989599620806418e-01 8.999126614447658934e-01 1.004687221274214615e+00
1.002450619096022955e+00 8.701928612132323604e-01 9.656718792773852922e-01 1.082043829316989392e+00 1.086431041913591411e+00 9.352875527662398714e-01 1.049185969865724433e+00 1.058127865901450804e+00 1.399418169195581152e+00 1.093997431555336464e+00 9.922767010227379059e-01
1.013295515469594177e+00 1.186941612189058137e+00 1.048732204843082938e+00 1.086670234733594587e+00 8.339080272309860042e-01 1.036222699073721998e+00 8.747419459260081798e-01 9.640986366319304057e-01 1.166220195389762626e+00 1.214090570476512587e+00 1.011033404441816108e+00
9.970389019867528235e-01 1.046938780590316975e+00 1.067681854408660147e+00 1.053734494219983109e+00 1.262837958585515619e+00 1.104243434450182582e+00 9.814347572626420657e-01 9.451862700450637256e-01 1.167755237372569477e+00 1.029412284776317188e+00 9.997999425399864970e-01
1.001533687916769555e+00 9.216231245121710991e-01 1.006632039065506579e+00 8.839698696167430647e-01 8.701998594337805315e-01 1.168341833941549668e+00 1.007490527412797210e+00 8.508160641725486251e-01 1.114978171994139844e+00 8.302907576717557525e-01 9.910238209663696507e-01
1.002417098167680987e+00 1.072586968377142291e+00 1.081515081148785029e+00 9.572627654175013268e-01 1.268166158809914235e+00 1.164883581217458275e+00 9.630324058116266350e-01 1.093186618025315138e+00 1.107033612563814939e+00 8.507416726976316790e-01 1.001068728641548722e+00
1.007696707073451492e+00 9.911535369325983336e-01 9.829485519549789885e-01 9.656537293272400291e-01 8.761574816599174698e-01 1.190293023002756190e+00 9.262256868894487294e-01 1.056253854428764516e+00 1.304344949524057773e+00 1.194109235721799722e+00 1.003645434120647995e+00
1.008382790424157571e+00 9.621814766868195257e-01 9.352374331427635301e-01 7.910280456070102328e-01 9.847643994061059391e-01 1.012781480503679443e+00 1.056141161032969178e+00 8.889853889781259566e-01 1.014702328802637554e+00 1.033814117022828993e+00 9.917249460892563206e-01
1.009550310049196931e+00 7.513327929575894792e-01 1.036980174938230803e+00 9.281573114174554995e-01 1.261196756923343099e+00 1.023647151219799101e+00 1.009525006625337618e+00 9.128587054246957155e-01 8.901769186882305673e-01 8.690598040462385043e-01 9.972175315964326714e-01
9.934291986622679760e-01 9.679950323567060311e-01 1.054281490557917200e+00 1.098243424530855439e+00 1.006031421906694590e+00 1.234387383332412380e+00 8.804663320173632401e-01 9.810275229992462265e-01 7.990135100590873840e-01 1.142732707435800910e+00 1.009611486329654362e+00
1.009518036819022191e+00 9.489003818853646299e-01 1.023256812182756770e+00 8.184477765290518736e-01 8.145952378518459547e-01 8.283379665848042972e-01 1.035799731642158994e+00 9.591074121141011100e-01 8.594604454234089363e-01 9.545905039258100189e-01 1.005872625788595487e+00
1.016999431653949015e+00 1.021799206117260495e+00 9.415509766489313925e-01 9.887810522070066277e-01 9.299491004760040980e-01 9.620636305835994495e-01 1.066031448806597837e+00 9.098760031999392206e-01 1.058482212155684499e+00 7.307314496722097097e-01 1.001083474446865518e+00
9.963981063224416346e-01 1.046420717550986756e+00 1.131086269879228334e+00 1.117657712496248790e+00 1.087719417933848520e+00 1.095194049285665772e+00 8.969429991765589527e-01 9.615904375441484131e-01 1.210592780894257592e+00 1.008393142320204827e+00 1.026517199725740737e+00
9.893545623343852347e-01 7.594755658266532095e-01 9.971869636705594786e-01 1.069547139414146697e+00 8.049126660629207786e-01 9.808399060897158295e-01 1.051644166200786268e+00 1.097766228448578518e+00 1.019135813154823600e+00 1.011713694994278878e+00 9.889241636715204731e-01
9.971208532396524937e-01 1.003695523213598451e+00 9.806884735396957931e-01 1.036810480184739758e+00 1.160128002424090976e+00 1.027194433174808630e+00 1.061421671598310246e+00 1.071960378805346226e+00 9.343738669971910493e-01 1.191948668627776042e+00 9.948583948499445384e-01
1.000318282396143621e+00 1.173027751656435802e+00 1.003188684121698149e+00 1.209813493201741474e+00 1.187183946608881602e+00 1.070929613161321292e+00 1.072663695085628976e+00 9.974094080936157791e-01 1.242445633902127700e+00 8.887616621783939186e-01 1.010251223837670409e+00
1.018858223724360856e+00 1.067671026598198569e+00 9.860348961752615216e-01 8.000742055007550313e-01 1.501468774735670975e+00 8.464499431100741544e-01 1.010011145818284772e+00 1.022782326489892313e+00 6.587873501217096361e-01 8.525140547952352321e-01 1.010345029153959073e+00
9.898700963952362653e-01 1.032764278632117394e+00 9.784940007910931659e-01 9.922865873455786190e-01 1.181989457564796009e+00 9.411201698383795389e-01 1.052065879677952953e+00 1.228464222469273448e+00 1.145943416500747158e+00 7.994486360948671599e-01 9.962338450046469562e-01
9.914112718089922449e-01 1.008602905833628105e+00 9.635521013897770937e-01 1.038586246458833351e+00 9.744793803615557914e-01 9.299189351186289976e-01 8.916250716169551449e-01 9.205101090629947969e-01 1.066732523251614051e+00 9.164042096929163606e-01 9.958583412217555386e-01
1.006868975040176029e+00 8.476016528155718710e-01 9.820273198483934207e-01 1.159733627582091087e+00 1.172882091165971641e+00 1.069480514938930149e+00 9.831266011049192288e-01 1.072664745104715101e+00 1.096209422455624916e+00 8.983764812554783097e-01 9.911260643675953164e-01
9.837068475389411093e-01 1.034921057661323474e+00 1.050559311039524379e+00 1.055144508176067530e+00 1.062982366862498473e+00 1.050104773912295730e+00 9.122845772825007860e-01 9.667448111555638768e-01 1.071104661230652288e+00 1.022546495728869465e+00 1.012336109237524040e+00
9.884354910752389811e-01 1.083904492564902178e+00 9.696289763494707614e-01 1.080577517247322206e+00 1.417579067781445712e+00 9.267511323629248343e-01 1.055876228535429284e+00 1.053492220535580559e+00 9.995661074811288405e-01 1.141922001367443817e+00 9.844439816714266600e-01
1.019756966276061494e+00 1.028510775463950866e+00 9.901850359364616772e-01 8.534868984493112487e-01 1.067922302263293766e+00 8.700310665560302414e-01 1.059320727216934044e+00 9.238519581835487049e-01 7.043066284361501062e-01 9.961923611652832022e-01 9.836952307969185627e-01
1.002792380938801298e+00 8.982442813092235134e-01 1.030326927712315044e+00 1.109081473629138781e+00 1.061267217418089048e+00 1.102021432923462774e+00 7.997573097127000930e-01 1.050440365335700843e+00 9.990336600362593744e-01 1.219115460751922786e+00 1.000308259951501411e+00
1.001557061129969561e+00 9.812994778940999918e-01 9.794309938945615635e-01 8.930362271786299599e-01 1.168684294278613089e+00 8.401441276736291153e-01 8.817085588509887550e-01 9.294978792384873678e-01 1.104809205686306806e+00 8.981601503126966923e-01 9.963127437278407328e-01
1.007203917552496275e+00 7.792269548248120792e-01 1.048440028353699871e+00 1.076846554097620645e+00 1.363532759338708766e+00 1.138976912875715231e+00 9.148189056389255391e-01 1.079201379285294582e+00 1.390000699351943814e+00 1.002516189385366685e+00 1.003353501414463222e+00
1.002240798743432082e+00 9.503927180109800199e-01 9.945839840847544577e-01 1.055428484908715880e+00 1.158270654468880112e+00 9.482613795430672177e-01 9.434015449481492066e-01 1.000648425884332893e+00 7.372745833158808049e-01 9.954881898687587549e-01 9.867574862985510897e-01
9.929563703222979987e-01 1.037017932468628389e+00 9.627444883799711750e-01 1.095800572337404910e+00 6.111434197264533630e-01 1.207541627979396681e+00 1.083821013719832527e+00 1.059146782880416415e+00 6.194244839637185196e-01 1.054036900138044963e+00 1.004589867321062258e+00
9.913831185263323187e-01 1.103946280015349446e+00 9.782002464281798204e-01 9.619572025630329648e-01 9.047955480558025343e-01 1.035380780805845502e+00 9.510030154064557095e-01 6.817750301951988057e-01 7.960994216534740264e-01 9.389889130126771732e-01 1.003603144568281369e+00
1.006173818860679914e+00 1.114736408386673094e+00 1.043720349344426479e+00 1.043941888502095239e+00 6.329269894919506978e-01 1.046384049500652225e+00 1.158467561678052871e+00 9.439020700722093871e-01 6.679224038449247391e-01 9.993747884007899707e-01 1.008303312723557887e+00
9.757538695488845448e-01 9.699706125443030569e-01 9.652914424694415407e-01 1.022164160284544154e+00 8.546123813572082950e-01 1.023531565476806460e+00 9.209980036705502915e-01 1.099037632920456531e+00 1.169593439927908873e+00 8.750129141192382054e-01 1.001538491053893365e+00
1.010658411753342589e+00 8.647570445308894183e-01 8.617558222602121898e-01 9.825510246725256414e-01 1.216882500121567734e+00 1.272929577956296132e+00 1.227586642036792020e+00 1.084038166205984144e+00 9.438464430541939620e-01 1.232498822908365987e+00 9.973726892943429734e-01
1.009991575131967245e+00 9.278431562847985203e-01 1.015616972286493391e+00 1.146145716588422570e+00 9.207350314265133617e-01 9.045475161219425075e-01 9.976225338282446176e-01 1.080626618150674290e+00 6.924384008540265256e-01 1.015572230479858895e+00 1.002452867277122905e+00
9.996624679132101177e-01 6.875209488638456268e-01 1.006340001370780390e+00 1.032771996312874307e+00 4.383118945509916209e-01 9.589154138842043151e-01 1.081388040513761473e+00 1.029944623829841088e+00 1.131006676824285240e+00 1.010456135835034130e+00 9.890309607493837918e-01
9.984781991745448337e-01 9.195163320393670014e-01 9.475456140517456438e-01 1.124843501064150209e+00 1.392077921554975450e+00 8.229359593216386548e-01 9.219823145024810263e-01 1.135570566574461315e+00 1.231498339700346722e+00 9.200657573071254758e-01 1.003969017587187373e+00
9.945444260281992577e-01 9.669350418595515917e-01 1.035622329203299552e+00 1.026386732694382742e+00 9.195628832051461199e-01 9.740492197296948262e-01 8.892644917908153479e-01 1.171871103377811085e+00 9.940243219332973723e-01 9.174353241853897556e-01 1.008716172613088435e+00
9.786635093854779699e-01 9.957909475673760724e-01 1.076466543991746683e+00 9.909632623066011448e-01 1.164356696409585279e+00 1.051083094485338876e+00 1.032235519506431887e+00 1.077599736762006044e+00 1.453474690785145462e+00 1.198437997694321355e+00 1.015531577096616456e+00
1.001115999609242690e+00 1.052314285406696692e+00 9.015927247633307440e-01 1.088714658029724225e+00 9.423436815120594945e-01 8.835443054014883169e-01 1.035086282059793028e+00 1.048747045952426404e+00 9.227204300918634416e-01 1.147959027830764311e+00 9.904208999111222544e-01
1.008061145540472436e+00 1.175178133855846241e+00 1.026433818199281811e+00 8.553751958294806279e-01 1.030864006531026167e+00 9.087684781170960457e-01 1.052457323225897579e+00 9.231041364438578034e-01 1.018107045952910683e+00 9.024039800772446496e-01 9.968003393180862037e-01
1.018056283827612152e+00 1.444183107530053078e+00 9.382532173142326126e-01 9.276330140404577262e-01 1.280604787888348639e+00 9.984279562915608919e-01 1.022442079908817636e+00 1.127128135560603761e+00 1.345666075560617791e+00 8.457457973050995781e-01 1.014479747114705788e+00
9.937241098689467700e-01 9.207588393587680109e-01 9.067460284716728491e-01 9.230034104504785120e-01 1.259222920186506611e+00 1.143218803056926802e+00 9.766165057139875039e-01 1.236919020722113238e+00 7.445392802917285557e-01 9.873732683572544744e-01 9.887828639081340798e-01
1.004023747215731621e+00 1.030838551878994869e+00 9.608177009871978758e-01 9.383697106492383533e-01 1.078823139958369426e+00 9.225777919089388490e-01 9.399801189161176573e-01 7.766781610993234164e-01 1.112722701291564364e+00 1.260362379635996177e+00 9.896808195006409070e-01
9.775764718898134475e-01 8.710920354513966846e-01 9.523236181448846427e-01 9.034359253532306955e-01 8.831552744982135161e-01 1.121308208865437805e+00 8.672938381043795442e-01 1.143961380190883226e+00 7.148397167830561338e-01 1.070121084656172172e+00 9.985317251803199623e-01
1.000454704177506926e+00 1.161824402110392507e+00 9.916560347885224891e-01 9.131965102920224231e-01 9.275745364691196926e-01 1.131222429699775933e+00 1.074267153618237991e+00 1.037903527643623258e+00 1.335555456496750004e+00 8.641317769357627077e-01 9.990859230183770645e-01
1.004132814392961759e+00 7.140136282089577513e-01 9.796960578554761989e-01 8.179315359419152553e-01 1.198551068993285451e+00 1.090610936858076307e+00 1.042025392389390070e+00 1.108235819511041775e+00 1.219047091691462414e+00 9.656133025734653375e-01 9.809477786357410078e-01
1.006426481403265738e+00 1.302557006576750442e+00 9.408688300869068044e-01 9.203317050916056674e-01 7.192868073242107974e-01 9.963461009339974472e-01 9.559389235765660686e-01 9.925705202982361142e-01 5.892719197315643420e-01 9.473932703627477858e-01 1.001927481128833897e+00
1.008818067115737627e+00 9.065523410767124535e-01 1.133746707187156977e+00 1.161552939956252750e+00 9.403577344745510658e-01 9.591896202065222088e-01 1.066462420587523940e+00 1.095575073673163091e+00 9.522907632079185003e-01 1.254706410635157310e+00 9.901011108606661004e-01
1.030879268730356513e+00 9.856128613910108971e-01 1.015195550777693967e+00 1.019501253716157851e+00 8.367995499683664740e-01 9.606207596019388228e-01 9.169551844705587929e-01 7.644201314457564900e-01 1.091648533698332146e+00 9.097076255524291222e-01 1.009662416527751239e+00
9.968389974904608986e-01 8.163098773763051152e-01 9.485593322819215745e-01 7.978263784633028433e-01 8.103701478584066642e-01 1.107369215506658788e+00 9.235701879037666595e-01 9.801035358991080360e-01 1.070331069027660176e+00 8.975177022999601961e-01 9.914996892542757845e-01
9.973696240410955260e-01 1.038889656223535241e+00 9.752266310053882004e-01 9.197451701667056501e-01 1.277628886278764586e+00 1.028074795962746091e+00 1.005745337263904249e+00 1.093789316644778076e+00 1.294552572559985792e+00 1.044352784878225693e+00 9.975325242870410891e-01
9.990664015734164183e-01 9.454323989785384796e-01 9.288404660547296965e-01 9.175700510706936708e-01 9.679881396423347661e-01 1.026226736814678464e+00 1.250263099230952912e+00 9.490861014630548320e-01 1.027963447771586436e+00 1.105655045565248740e+00 9.895464255826889044e-01
1.014552432636797619e+00 7.978541588034456788e-01 9.150688470715093725e-01 1.131184856333382616e+00 8.996693126950264796e-01 1.264155118311858672e+00 9.571158290938811541e-01 1.136295038215816566e+00 1.016602297772031704e+00 8.047400449910779852e-01 9.883784914449592618e-01
1.001289959859560152e+00 1.229152867095044233e+00 9.968157997586436503e-01 1.071256240926472758e+00 6.239536788431510050e-01 1.077848917089437641e+00 8.710911120551732001e-01 9.867356901859299922e-01 1.045699557736159191e+00 9.291532320358261154e-01 1.009368562372565004e+00
1.009825883187424944e+00 1.221946041014267292e+00 1.069706202383155169e+00 8.974264093403025999e-01 9.982657103923009423e-01 8.560102553711476103e-01 9.413753997462219747e-01 8.771573725107383313e-01 1.199051048529721442e+00 1.116780287234883762e+00 9.938116531368037521e-01
1.022620623140764184e+00 8.970066735615728204e-01 1.023123094423265433e+00 8.062128242758728192e-01 8.921404587837933331e-01 9.783206866912717015e-01 1.029630045272922123e+00 1.048366558410010363e+00 9.827351786280974499e-01 9.861072785633566706e-01 1.011169949013561720e+00
9.937211666132018673e-01 8.200968267606949524e-01 9.632773390482631815e-01 8.625089405642195617e-01 7.212742536414205041e-01 1.035111090448064042e+00 9.007670933132025937e-01 9.394503906961102491e-01 9.480469131783223480e-01 8.592037745677206795e-01 1.007919107637637035e+00
9.862783500825543781e-01 1.039887217042774203e+00 1.050097981873555852e+00 1.083393698015189255e+00 9.339103967467297096e-01 1.054697418185333246e+00 9.969003078824895114e-01 9.251585085996775204e-01 7.183091287463154728e-01 8.950901770170996974e-01 1.004732635967256815e+00
9.941847144718016782e-01 8.333873182697628668e-01 1.109626931293330010e+00 9.985366399909066937e-01 6.193796492138405885e-01 1.082242597167883513e+00 1.090621149185461158e+00 1.019903489988885914e+00 9.894263990933258590e-01 1.081474634846938399e+00 1.020265776508693101e+00
9.817158156501343269e-01 1.319800313152292404e+00 1.038859038940498358e+00 8.925904240797940536e-01 8.827235258188725897e-01 8.800629252686625881e-01 9.495833025319199150e-01 8.993504557503656516e-01 1.044443234401813081e+00 1.055725184237841008e+00 1.012219407916487013e+00
1.013221229930656664e+00 1.219823907202499447e+00 9.567384204970936779e-01 1.106836296405582010e+00 1.047668672002898260e+00 1.008536680185903256e+00 9.442612229267638435e-01 1.063510118774682267e+00 1.016370560978173021e+00 1.366530372300676754e+00 1.010267563431346050e+00
9.945048725725406102e-01 9.737933375799527891e-01 1.039714842558694174e+00 8.082048237885474107e-01 7.878711924039751846e-01 1.086382864377965607e+00 8.905796234058453997e-01 1.071691312983161337e+00 9.759405968273338061e-01 1.023786967017443761e+00 9.966847335038092615e-01
9.960768265298133306e-01 8.583804772392329419e-01 1.054328852021342744e+00 1.024313247351681166e+00 1.235893878963982839e+00 1.089949789608635644e+00 1.134215340179325349e+00 1.086642725882233096e+00 6.722817506535329057e-01 9.609914571927657967e-01 9.871355249939234300e-01
9.897779238196489082e-01 9.573259729921974603e-01 9.654768213314147696e-01 1.011663499342748906e+00 1.318055366698243969e+00 8.476846464382261637e-01 8.274148352293506647e-01 9.993107690771603213e-01 5.750291609388586966e-01 9.356590863072944408e-01 1.006677813944483857e+00
9.918525105682397536e-01 8.799262054914251951e-01 9.045829898756879706e-01 1.070214409505591213e+00 8.994836068049343325e-01 1.003660812063152941e+00 1.078771885642446637e+00 1.034322548815562515e+00 1.152285879571832705e+00 9.555761187208549057e-01 1.017216694658929166e+00
1.007082991983556886e+00 8.728559816659074988e-01 9.705037397768605523e-01 1.000510192168035495e+00 1.235073027273723811e+00 1.122553160392472549e+00 9.239946316011267147e-01 1.125611838729895897e+00 8.236036715560557386e-01 8.211662161609957211e-01 1.007500006081857746e+00
1.004274738826286706e+00 8.287047642427189942e-01 1.065843441727025720e+00 1.109920608707830381e+00 8.080304918943863601e-01 8.552775918628343632e-01 1.102354977128184199e+00 9.770330216446615479e-01 8.713382008846574101e-01 1.040668347741139144e+00 1.000136465182456247e+00
9.996055488669685074e-01 7.813930591252452595e-01 9.256833716295450598e-01 9.633758055716995505e-01 1.031849276334005028e+00 1.034108568331892242e+00 9.966511694605051375e-01 9.899919595489137247e-01 1.254339142089639036e+00 1.122746489404899739e+00 1.006398627721052597e+00
1.005274824324928096e+00 9.005330985217067097e-01 9.172680502476369124e-01 9.224265116248477892e-01 9.442827624557869060e-01 9.272896613686603118e-01 9.387785245222868280e-01 9.413201372099113673e-01 1.089357843508355073e+00 6.294962861722082081e-01 9.933416270126199654e-01
9.901663964752616121e-01 9.372253876934032446e-01 9.767477839963586428e-01 1.168150949154144858e+00 8.408060663198767548e-01 9.517219349103693826e-01 1.025146364795691545e+00 9.613595317235866800e-01 7.884222958508874113e-01 5.962881096978009943e-01 1.002255140137888523e+00
1.007492157166739455e+00 1.009198322974542039e+00 9.619151981181570665e-01 1.191227822315426899e+00 1.365771214786505983e+00 1.173472099756277087e+00 1.086958238244345454e+00 9.482174442619577537e-01 1.034765408504620066e+00 7.845429373241680215e-01 1.000845902161382250e+00
1.000426942607380409e+00 1.031413621112328372e+00 1.041552057079478288e+00 7.623502997822614313e-01 9.308827292976128431e-01 7.937836764013599389e-01 1.005856760673868422e+00 1.050736555402198347e+00 1.021075928283170509e+00 1.125320760403258680e+00 9.927301142092471720e-01
1.006230361142407270e+00 8.761418200773855025e-01 9.847165512963433898e-01 1.008021007145671888e+00 1.056694451328282547e+00 1.001767524908445672e+00 1.054224738387704141e+00 1.092279473641692533e+00 1.136461653412563777e+00 1.109420726746993324e+00 1.020088726441461757e+00
1.006698334705227404e+00 1.090431143115420776e+00 1.056071890258748036e+00 8.965716663769665029e-01 1.029096386799972063e+00 1.055740326142660557e+00 1.011737742868320966e+00 1.069663775154996666e+00 9.855644381528430031e-01 1.022996743130970332e+00 9.907638699209871946e-01
9.983244572523284344e-01 8.721230744862460416e-01 9.952062472094380663e-01 1.078395759241794316e+00 1.122320063969493908e+00 1.116753546530545815e+00 9.943074199442375471e-01 9.458876979214156933e-01 1.001998702892516135e+00 8.493978475578293219e-01 9.961333220854655668e-01
1.008786735333459639e+00 1.295759303745283919e+00 1.083320892684199954e+00 1.005470288329525008e+00 9.376080971307494405e-01 1.113656958316173951e+00 1.027537578999995871e+00 8.828351041696653745e-01 1.080594424354391236e+00 1.085870044162865922e+00 9.978769355785651607e-01
9.890469662818578422e-01 9.673652190403949636e-01 9.988807229297915757e-01 9.093655921237115969e-01 9.658315683470349855e-01 9.852466611222704396e-01 8.832454290301425814e-01 8.877616703438034884e-01 8.019087311657100425e-01 1.052868125750090700e+00 9.917684566296156579e-01
9.982869706494121864e-01 1.029173536028433977e+00 9.573448302241253094e-01 1.134063086940985565e+00 8.072165632714083383e-01 1.073526814664706341e+00 1.013768009106288837e+00 1.003765405559174706e+00 8.947770689498100172e-01 1.030125235748928558e+00 1.007659702854481143e+00
1.004450575782682931e+00 1.168112201812264495e+00 1.029325141726547876e+00 1.003857818297086313e+00 1.338909607335734941e+00 9.612540547626546861e-01 1.125355081237141786e+00 9.828808134858708634e-01 9.962730829774214536e-01 8.177221912405376880e-01 9.937931253565086553e-01
9.724989516650672794e-01 9.311208700464379540e-01 9.263477626990477276e-01 9.181226719153484650e-01 7.960208662267928004e-01 1.098826626827080766e+00 9.116481428587726032e-01 1.042408530380856346e+00 1.132523172497414743e+00 9.634374261932047157e-01 1.002797524387377015e+00
1.001069926874707194e+00 9.174226189517384888e-01 9.780355357452752418e-01 9.441393234386278310e-01 7.893794232232129726e-01 9.294015506436872354e-01 9.352615863875965996e-01 9.084428480159915109e-01 1.212131223006876590e+00 9.143145775358155758e-01 9.779095040325304078e-01
1.010734349873163573e+00 9.760696520345810701e-01 9.849616845731397063e-01 9.840947402227654406e-01 1.112593795989204493e+00 1.019370751098416683e+00 8.658115278097615608e-01 9.550851751178143223e-01 8.135297750578830422e-01 9.221907790632145607e-01 1.012076052117915292e+00
1.005349937286974971e+00 9.239934729124698043e-01 1.044712405872709970e+00 1.029279511157974003e+00 1.026163837152223035e+00 1.094445226958255635e+00 1.044728674744516139e+00 9.042936119183910826e-01 1.009517292246315368e+00 7.358332441409867197e-01 1.001821716008779894e+00
9.822213116753377715e-01 8.819714007394678923e-01 9.674134655134488670e-01 1.041092216968483752e+00 8.684383450163040141e-01 8.267782935147953705e-01 1.102829798596814070e+00 1.033026447248416080e+00 1.792574223223828422e+00 8.430210525394716825e-01 1.003773644450956848e+00
1.013860521607176990e+00 7.883558628055541417e-01 8.886523732835234224e-01 9.490521019905434619e-01 1.174897690899631142e+00 9.180286530040410176e-01 9.453718448564988330e-01 1.120551135712360757e+00 9.688257068683573392e-01 1.131449103737218076e+00 1.011207739723798182e+00
1.010254782659161688e+00 8.962642384349632785e-01 1.046313396484110259e+00 9.595358150813446674e-01 8.402266065174966991e-01 1.038373615816461148e+00 8.107690253026718086e-01 9.846239327274021180e-01 1.221328145879230220e+00 1.249417460211237341e+00 9.972972897669443171e-01
1.002012318117691425e+00 8.349206292078966696e-01 9.685075192285836909e-01 1.113713027552006185e+00 1.102336871431349952e+00 1.035782181993269102e+00 9.952054108814545330e-01 1.009050115069746845e+00 1.135168615675238524e+00 1.220395765979805702e+00 9.872443671390249698e-01
9.926525078494413679e-01 9.686053974378968645e-01 1.031921584605090869e+00 8.822146832079785783e-01 1.378623284470104515e+00 1.129592873560352206e+00 8.981168817239447710e-01 9.836488831953964507e-01 1.283538863362275739e+00 1.039602580058378356e+00 1.000448562030699540e+00
9.910244041514576496e-01 1.117184699115418400e+00 9.805060070951189255e-01 1.025518121826318074e+00 1.142513574517296515e+00 9.688960939008836037e-01 1.012435873115556495e+00 9.607963852828687035e-01 1.279914353461155008e+00 1.095327743184094871e+00 1.016012852833016566e+00
9.896341032764437440e-01 1.080395482356554027e+00 9.798634835230898288e-01 9.085083066494878956e-01 1.247522672362654905e+00 1.101725998549377694e+00 1.010432571426178816e+00 7.527444332788436610e-01 1.266319016696616506e+00 8.648036571601038780e-01 9.971868185619300329e-01
9.979262500966958882e-01 1.018876336145623229e+00 9.700579622398456392e-01 8.881872253501481573e-01 1.224421730608902914e+00 8.977109396992456469e-01 8.725428797581674667e-01 9.972225722293566186e-01 1.088905204628205059e+00 9.405179036669136794e-01 1.006949404623254551e+00
9.789424257407529639e-01 9.263469993598112406e-01 1.031761011817476037e+00 1.183179109476075519e+00 1.192746477008754802e+00 1.016177245592982725e+00 9.048092908570575243e-01 9.522913424125379889e-01 1.247995432973098673e+00 1.043510154928004363e+00 1.003369912194206570e+00
1.017978793742385202e+00 9.718241811304794142e-01 9.104293821070298387e-01 9.515355564346906769e-01 1.039707834210941151e+00 1.111170985874384787e+00 1.134548131920775305e+00 9.335455495899979139e-01 1.132300724579609064e+00 9.030574315458739232e-01 9.983052698105783218e-01
1.004604737575631290e+00 1.020317731863273458e+00 9.593088441879402684e-01 1.044383866618208812e+00 1.156373535422345888e+00 1.143630405246884196e+00 1.045090788217067468e+00 1.130979127925240357e+00 1.261579866546848283e+00 1.178085205580658990e+00 1.005154591758704807e+00
9.943563905637490263e-01 8.450427414067347431e-01 9.339335720949313302e-01 9.628857198517033478e-01 1.018362012436286879e+00 1.184997945645097639e+00 1.028193734838958928e+00 8.334365120761974000e-01 7.025462277919682919e-01 1.092973911068955362e+00 1.002504256820559547e+00
1.008730976250768352e+00 8.959726749422193270e-01 1.013647703769748665e+00 1.039872850303445562e+00 1.150307742255070709e+00 1.058940035721731121e+00 9.471797984469845222e-01 1.135161927430024642e+00 1.197863788834913512e+00 7.867295415022818039e-01 1.003204659695933421e+00
9.998104605991647853e-01 8.215269234004038967e-01 8.836106998183675953e-01 1.010586544186469427e+00 9.160146747902538911e-01 8.298513398473508218e-01 9.437158518004841179e-01 1.251798009956361923e+00 8.560870864091538746e-01 1.318331104526320185e+00 1.002197386493687503e+00
1.002261555420292050e+00 8.684076803649403153e-01 1.032061311850192453e+00 9.285642043857786909e-01 8.465509602129183131e-01 8.663613343069749284e-01 9.690572526301383105e-01 1.132783916205488239e+00 8.445344565192648423e-01 1.298826781885058290e+00 1.000530884742344861e+00
9.963679794267502610e-01 8.944418777909923790e-01 1.001965639113056028e+00 1.058677603317914606e+00 8.517477839525505745e-01 8.746569419965062320e-01 9.789233636034743169e-01 1.078741625131702353e+00 9.587998384613773961e-01 1.264101579506705875e+00 9.926675241245835890e-01
9.916507479420558768e-01 9.722514087816113149e-01 9.787452159684305597e-01 1.036225386660433401e+00 7.819375779287918160e-01 9.949451857246676134e-01 9.258244655314343818e-01 1.161165720862626927e+00 8.535162155738528211e-01 1.077909387858387191e+00 1.015986614962154144e+00
9.917543566835582691e-01 9.694642339961184740e-01 1.040358055341055854e+00 1.097216583057271100e+00 1.489508400689830037e+00 9.216090608772075088e-01 9.104258174703305784e-01 1.178943203553286967e+00 1.128318698983206136e+00 6.635211206852662524e-01 1.001105133260538294e+00
1.016556776062733425e+00 1.122657659971378008e+00 9.822042319487667150e-01 9.803546057578059747e-01 9.095091447344714197e-01 1.054345347676753919e+00 9.313966969256489703e-01 9.090990854292166912e-01 9.689212425245252724e-01 7.821789490319137617e-01 9.842421067766150555e-01
1.001415070326924450e+00 6.412227781346775402e-01 9.312464792493846399e-01 9.837705393358084915e-01 8.202137264284620199e-01 1.071483180804987390e+00 1.025473029680773029e+00 1.056833977249623580e+00 1.406454477815346937e+00 1.012955586874560554e+00 1.009367118654022955e+00
1.025247391344500603e+00 7.697598891968701063e-01 1.024822989237683002e+00 9.640050776740044514e-01 9.495393728525364230e-01 1.176017065069401069e+00 1.001388149864364641e+00 1.019463212540369978e+00 1.181259753000154067e+00 9.070433747912534095e-01 9.821869947004838730e-01
9.813313386539221916e-01 1.180386110157976010e+00 1.016755827149950608e+00 8.522954314977857493e-01 6.910394072471932603e-01 8.498757113735244673e-01 1.126201605770884351e+00 1.027846226960124065e+00 8.394117626164679935e-01 1.082080356284952583e+00 9.884558538492845825e-01
1.016890959084176593e+00 8.020075472564051067e-01 9.672793623846979161e-01 9.674437933511216281e-01 1.075269711403598949e+00 9.533210572048591569e-01 1.019213150895958986e+00 8.386980709754392471e-01 1.339321033244167181e+00 8.760456959617262118e-01 1.010603152619979239e+00
9.924821398326701960e-01 7.582250938602421719e-01 9.860637725566269163e-01 1.072732996504318859e+00 9.954924243134779527e-01 7.467975993750884944e-01 9.266269578146331121e-01 8.843087449881495976e-01 9.292843205481758906e-01 9.650265861366871256e-01 9.898894333677482615e-01
1.001838387216514192e+00 1.149649315563087137e+00 1.011517734800294610e+00 1.201057150070796720e+00 1.077602268321764756e+00 1.142021487589449436e+00 9.474233137238570190e-01 9.494525488319649487e-01 1.040226008673014624e+00 1.130059730184370892e+00 9.783124614045602963e-01
1.014873934136417910e+00 8.235955768661585852e-01 1.042299186937914124e+00 1.094970764317064749e+00 1.238104443957513068e+00 1.086908601793358686e+00 1.014658990962738816e+00 9.305547011649291100e-01 9.745622265284654695e-01 8.934258552585725432e-01 9.902052372505093514e-01
9.993014745405500721e-01 6.632444341854246694e-01 9.386214768931490093e-01 1.253121421268819535e+00 8.386499974354658660e-01 8.363324201293120819e-01 8.626941858458941903e-01 9.120301478490939751e-01 8.546362929906602401e-01 9.286841386516671015e-01 9.982934322381987746e-01
1.006126727555440636e+00 1.189473550815872249e+00 1.010339160201352282e+00 8.873286011381463778e-01 1.060714060515894896e+00 9.891421674697873367e-01 8.876897768069106354e-01 9.750678766751438298e-01 1.142643182516022149e+00 1.001885190393624780e+00 9.907967135150347326e-01
1.000962789195887437e+00 1.112358189675850983e+00 1.006766019329735862e+00 9.332021615613779186e-01 8.126010545499082749e-01 8.740803319707244334e-01 1.040451386088216301e+00 1.038813312815555223e+00 1.036687327851864238e+00 9.267872498251775726e-01 1.011869634839092091e+00
9.987375010015155929e-01 8.455621054495052746e-01 1.086311720194044872e+00 1.084639905618046241e+00 8.501940484891589156e-01 9.069352645317478867e-01 1.008615502316548174e+00 9.977904252492941772e-01 6.079702891898074446e-01 9.883135035457267792e-01 1.016440246424010319e+00
1.011946560850022658e+00 9.791859802712726824e-01 1.039219386257875799e+00 9.436853431543865689e-01 1.034108464403215244e+00 9.370809884437344417e-01 8.868469031575886286e-01 7.356626505617984702e-01 1.230479359714336862e+00 1.018499790831547180e+00 9.956723801337858948e-01
9.895775536650547322e-01 1.186268747427139614e+00 9.398329119026987977e-01 8.970288227114640023e-01 1.021128844296670835e+00 7.981967251458967905e-01 1.013971981093615859e+00 1.042596776505780642e+00 7.415282115357023640e-01 9.255018787761649657e-01 9.831741880056337202e-01
9.875805820788597922e-01 1.361041606048844388e+00 9.901119387334010868e-01 9.171790536012222050e-01 1.191466914295256529e+00 1.079379106546149325e+00 9.946843006256850250e-01 9.244669260922019349e-01 9.658762777310758718e-01 6.844854411687338880e-01 9.998973285207983785e-01
9.954463244261838595e-01 8.041623529994896824e-01 1.017778560973300994e+00 9.722814056297265362e-01 1.111356299062423281e+00 1.012444167823800312e+00 9.762953805858397560e-01 1.006991715430310075e+00 6.872913209515432165e-01 1.192372185339332091e+00 1.001190971552920139e+00
9.855347240556260324e-01 1.146779007001220041e+00 1.020037833617007728e+00 1.053987977149094979e+00 1.323254701404220857e+00 9.723837269276176531e-01 1.008942514073012831e+00 1.040613688063471542e+00 7.646571414754281815e-01 8.215425750927781712e-01 1.001746015039422621e+00
1.009944022055170976e+00 9.513561191380290882e-01 1.012513370950175906e+00 9.626186835265176933e-01 8.539712375541582690e-01 9.249851364112269270e-01 9.344561113872450475e-01 1.106997648228256415e+00 9.072908595291190315e-01 8.402497348661059906e-01 9.916736052037148363e-01
1.008602641767297303e+00 1.217627832050882875e+00 9.986257795098418821e-01 9.870240020512511814e-01 9.095906456314466482e-01 1.092721076711534733e+00 1.015912404917591827e+00 9.644271587472459384e-01 8.330125290220889989e-01 9.369612942884979478e-01 9.900092763452597033e-01
1.006785820625582417e+00 1.002288309723456949e+00 9.114811812023471127e-01 1.103518790097002489e+00 1.141612863004464629e+00 1.034769698920238623e+00 1.071846280487609437e+00 9.951668203997888762e-01 1.184134199250056252e+00 1.172121017215504546e+00 9.960471376847177538e-01
1.021638738176203987e+00 9.942176931258108752e-01 9.854557683947987590e-01 9.465310228663766923e-01 6.318425055554284242e-01 1.183335749457593566e+00 9.221360178923494466e-01 1.081586794710445165e+00 1.165600336985630925e+00 7.697224070804651319e-01 9.949303655029724247e-01
9.849208200135441960e-01 1.113911616214092071e+00 9.367750464074452443e-01 1.189313664997405429e+00 1.202833800851760726e+00 1.010835328501948904e+00 9.420417292178442370e-01 1.032377033588977477e+00 1.037816784565692929e+00 8.251814229723304361e-01 1.014895740165190130e+00
9.930744718598902843e-01 7.655282831191547732e-01 1.011936224681619034e+00 9.232988433749239610e-01 1.309222549821699166e+00 9.563751519015235569e-01 1.015266695594928770e+00 1.011035655708336645e+00 8.827866774688426510e-01 7.903877752571784043e-01 9.918684557964425608e-01
9.833251744293086682e-01 1.117890756577303524e+00 9.454895957518973937e-01 9.242749711654411060e-01 1.139910475827983438e+00 9.959761424910001937e-01 1.107500930914147919e+00 1.102963948131433503e+00 1.068161381800024845e+00 9.188104431540610184e-01 9.994126549426952666e-01
1.006827719836519863e+00 1.209852073055084354e+00 9.955486812270372132e-01 1.042419921608365607e+00 8.811016263638516977e-01 9.026178813275750334e-01 1.019618057467868821e+00 9.679409631466089348e-01 9.181257246124781002e-01 9.216091636781490459e-01 9.733250677485085767e-01
9.972178775210853718e-01 9.185743726360994232e-01 9.518718173478281086e-01 1.009686711103147783e+00 1.043265015134098750e+00 1.009979189745432437e+00 1.049737295253915903e+00 8.624391560210318275e-01 1.052608542082212661e+00 1.135075770674744300e+00 1.001662066230222692e+00
9.907188653192102734e-01 9.883649273155838966e-01 1.125140715764762600e+00 1.040118569950889915e+00 8.737419628163227703e-01 9.280670514989941555e-01 1.011382296733390973e+00 9.339636507806050592e-01 1.020392513626350528e+00 8.811069162079487871e-01 1.010689292133263084e+00
1.003591201579306702e+00 1.242504079672686501e+00 9.462267107147996903e-01 1.205520255657269280e+00 1.076370255680718868e+00 9.773045910273800985e-01 9.322536249904610495e-01 8.864346153754463220e-01 6.752244477477532536e-01 9.364288712908803713e-01 1.012492227891531149e+00
1.011010059508819392e+00 1.038523089499485685e+00 9.195295667551008911e-01 1.153647488657184139e+00 9.762622694396005940e-01 9.211739973877858256e-01 1.073203863399684099e+00 1.142926112097268243e+00 1.126045022992362199e+00 1.080969063912094352e+00 1.005027429820449347e+00
1.011709629086545048e+00 9.508218466030903260e-01 1.000553791733648223e+00 9.665703621020818037e-01 7.320604842759548259e-01 1.157311225853281389e+00 1.040722685470218956e+00 8.048430918043518734e-01 6.539180314477954781e-01 1.223246466338536731e+00 1.018899179026267143e+00
1.002184808885369094e+00 1.187952722492418234e+00 9.603322488808860857e-01 1.119421854697767671e+00 1.120030643327833086e+00 1.163117753344034666e+00 1.097894864848753205e+00 1.198947291497944878e+00 1.175648866213978572e+00 9.902863877035726903e-01 9.959903883473053554e-01
1.007142463899323603e+00 8.999929135127786584e-01 1.061748029972794827e+00 1.147822323934762689e+00 1.097464520960931056e+00 1.084112373265598839e+00 9.588159796865972639e-01 1.088400062292431913e+00 9.678022959983709761e-01 7.947277892656661180e-01 9.967525534930847808e-01
1.005485283974476118e+00 8.575636791361171962e-01 9.722908694072260882e-01 1.025060796329610557e+00 8.032203961731994024e-01 1.033942658833219896e+00 8.173284697812049915e-01 9.433940444059207842e-01 1.050053028557125012e+00 9.162857426402476468e-01 1.014666765952164429e+00
9.840573214988775907e-01 6.746949989292653216e-01 1.070050400762124543e+00 1.074125053280218900e+00 9.923923608824226639e-01 1.039260241810499030e+00 1.007090802843748412e+00 1.026028139513115889e+00 1.148241401646415971e+00 1.155687736517852837e+00 1.008216384678645605e+00
9.884158880198568031e-01 9.726641388056629367e-01 1.040782274334624224e+00 1.109459546414025555e+00 8.526265465010014477e-01 9.898286904411019993e-01 9.933028578818012821e-01 1.026929134123368392e+00 1.257945983980447213e+00 1.049939001332339750e+00 1.006739389978792198e+00
9.978312508738464981e-01 8.849299105753449801e-01 1.017435060643701705e+00 1.087940090624694767e+00 7.906265791285443933e-01 9.191828178858678644e-01 9.173097019162095300e-01 9.397709090376481500e-01 8.370828558565807098e-01 1.087108095263291885e+00 9.761397430366550720e-01
9.929261560037568879e-01 9.460859987017928852e-01 1.098384573677947174e+00 1.105305478440203881e+00 1.163571213356642486e+00 8.383182375007303122e-01 8.716487988298762257e-01 8.875566144534532409e-01 1.002923534959160756e+00 1.095710968126035523e+00 1.003173997746614310e+00
1.013952869251365962e+00 7.983250329509639087e-01 8.998621942319284805e-01 1.062193164607350582e+00 7.183657737801227849e-01 8.733045404076156260e-01 1.019759095758994594e+00 9.310068980365272528e-01 1.343652079530583743e+00 1.069062553046175035e+00 9.853526381605099971e-01
1.011115830357676826e+00 1.193126960376075019e+00 1.019701970407570490e+00 1.113162745686294253e+00 8.886546237781585145e-01 1.093667564366241240e+00 9.251146164297024965e-01 1.026822186865349762e+00 7.317365249930833926e-01 8.555009991598915287e-01 9.905674211084048997e-01
9.679277353629659464e-01 1.011492166014950733e+00 1.114339901002459499e+00 1.021609276340308847e+00 1.338278990932140200e+00 1.117916067252301193e+00 9.684704261480777676e-01 9.755783982068338966e-01 7.747221772481017732e-01 8.184533063263629282e-01 9.879850563858395551e-01
1.000072777934864821e+00 1.204487683630581563e+00 1.009412172684428732e+00 8.684190789115195930e-01 1.026812471831203499e+00 9.469356832808742963e-01 1.136741548822016279e+00 1.129018063097378288e+00 9.790464708794223148e-01 1.147734325294534452e+00 1.006477934908524219e+00
1.002712431076678623e+00 9.655397921571658992e-01 9.272583029172836167e-01 1.118361335216364161e+00 5.543116935307248472e-01 1.064378218955184918e+00 1.036156957450212079e+00 1.033730190229958268e+00 8.175705558522298189e-01 1.226718607391092064e+00 9.942974254804156642e-01
9.939498077992596770e-01 1.155027178518066355e+00 9.765022874153121979e-01 9.945758777237818649e-01 7.303839702100841658e-01 1.133100226134368560e+00 9.054928735291165598e-01 1.015470522634878137e+00 9.239680103504781528e-01 1.075213466535641427e+00 1.000920498718585350e+00
1.009180136698448527e+00 1.107996538930306807e+00 1.010887651935885145e+00 1.060174350765389129e+00 1.023007403613310551e+00 1.338096363626476881e+00 9.548817469139003755e-01 9.963022733715450885e-01 1.022766575689764146e+00 7.797385383500862188e-01 1.011813173824819501e+00
9.978993730030660814e-01 1.025701753435875663e+00 8.693056905992195826e-01 8.955233571563578909e-01 9.332913838104086590e-01 1.053019570011252792e+00 9.628975848579856001e-01 1.004549757708866675e+00 8.103916103019128681e-01 9.981877987168557009e-01 1.008471779525282441e+00
9.999495603073151884e-01 8.481826721913927614e-01 1.003629147326879023e+00 8.905390954501078982e-01 9.255803306707106604e-01 1.039945753524546657e+00 1.020450646486423585e+00 9.945048178804563044e-01 9.323784328788473630e-01 8.740689607252501991e-01 1.007471053490435642e+00
9.820206470526916531e-01 9.199761351237549789e-01 9.533052370545196386e-01 9.423823563246858104e-01 9.017560892749365564e-01 1.186516361661221985e+00 9.615015274005808132e-01 9.582720279955524445e-01 9.612474045473209383e-01 8.801007387311808872e-01 1.000327829518344203e+00
1.009040486228601985e+00 8.767607002024701002e-01 9.912876069183741423e-01 1.034026937276798730e+00 1.314115223470602611e+00 9.616555703443491199e-01 1.050333356667862095e+00 9.516872937905086483e-01 1.063103620216916179e+00 1.164616591332426010e+00 9.975058103298446444e-01
9.981352699371698334e-01 1.265141717168288382e+00 1.042684026366081262e+00 9.681938517159094371e-01 9.287151961649789955e-01 1.020915777487787279e+00 9.795356085639550514e-01 8.179840122646527822e-01 8.862782929812582644e-01 1.096132367482627989e+00 9.820748790715847498e-01
1.015340803257037461e+00 7.230536915751378801e-01 9.590801174728469380e-01 1.018390038588760538e+00 9.438168798487465150e-01 8.606652031506953904e-01 8.319178010537180423e-01 9.823685050575597932e-01 1.140406801284165494e+00 1.087939628828279659e+00 9.911761353130447150e-01
1.004539392957221056e+00 9.523246506885958418e-01 9.802693305865854967e-01 9.324846803909394577e-01 1.187764932575333665e+00 1.103210331568741376e+00 9.310527952201669288e-01 1.007627596881308207e+00 7.721242028991811557e-01 8.532571453844275400e-01 9.873347125298264082e-01
1.000384217299099099e+00 9.156145334152574478e-01 9.919681992094435685e-01 8.382602139384961459e-01 9.008120839169574401e-01 1.032252400356450828e+00 9.896133813928783551e-01 9.576535976660306426e-01 1.054180732797349807e+00 8.847343558745546233e-01 9.903285757752786633e-01
9.880639022293056239e-01 1.111185896266487783e+00 9.696985937239811504e-01 8.981441960216096643e-01 9.967384887895934797e-01 9.055166045091558313e-01 9.543602943463060928e-01 1.138479548912624928e+00 1.207296629713029645e+00 7.532320101315553851e-01 9.852185780672650939e-01
9.980468785443128432e-01 9.167535786243391493e-01 9.686411795550433634e-01 9.079942526560521587e-01 7.160396148307752728e-01 9.313750090301959883e-01 1.038610518678394712e+00 8.444315765697749665e-01 9.518945465425424635e-01 9.411284597126658991e-01 1.004212687635612777e+00
1.005037159596605889e+00 1.131858676084677384e+00 1.034067922888130431e+00 8.862044953702714611e-01 9.394527204893580175e-01 1.002973686327362390e+00 9.655978303901753268e-01 9.623136013365651831e-01 1.062510822262962673e+00 9.498101419819332536e-01 9.950306462982740907e-01
9.989802133017106067e-01 6.260768166518552169e-01 9.579252543406291398e-01 1.121486148861517540e+00 8.345774456481562797e-01 9.360105781139771430e-01 9.738218584683931978e-01 1.055046800196299150e+00 7.295533863226508764e-01 9.056820825523776985e-01 9.968233234052120695e-01
9.903902207485063558e-01 1.056888689650400170e+00 1.035361394447886108e+00 1.090509663271422847e+00 1.094270093954088363e+00 1.057613639045913434e+00 9.338479411234558158e-01 8.060024911650671697e-01 9.652966988830974371e-01 1.041583981300876038e+00 9.949631740377516964e-01
1.012071871989802307e+00 8.819214035990026179e-01 1.029718882130916668e+00 1.056808500532202988e+00 8.585153019955340525e-01 9.151630971000188630e-01 9.649395124927300227e-01 1.031630182619108993e+00 1.094094636595997150e+00 1.091597284115369382e+00 1.005136686250902356e+00
1.003021499069763456e+00 1.181431943539267504e+00 9.576787101528084767e-01 1.073489038335711854e+00 9.978233088515829907e-01 1.112232050847554499e+00 1.073394156557436974e+00 9.919972324158425891e-01 9.504313132916928364e-01 7.622143824312523908e-01 1.007581417622296138e+00
9.969087830352636459e-01 8.797048370375551984e-01 9.936246479697360412e-01 9.294647768699166868e-01 7.812616497842290730e-01 9.227110365616644216e-01 9.249926041494143103e-01 9.871575283630874553e-01 1.045997166655555866e+00 1.123695089062138663e+00 9.969188720372214041e-01
9.907464175236190274e-01 7.564013221730829795e-01 9.179016974848496213e-01 1.068358014994886585e+00 9.852066863690377430e-01 9.159463325394129329e-01 8.141514062053074596e-01 1.006859285092178924e+00 1.411115499409094864e+00 9.616456359450129554e-01 1.011668002793276511e+00
9.970005304167569582e-01 1.053194972501632964e+00 1.097593240682272819e+00 9.335362904068090772e-01 6.268957306852303013e-01 1.005018803138630457e+00 1.004231867016419200e+00 1.029553115246054640e+00 6.400811319632416785e-01 1.122042805981177338e+00 1.022356805735962881e+00
1.010805289939204599e+00 9.018682663477641803e-01 9.616379252060606175e-01 1.069100147167256543e+00 9.233947848276519155e-01 1.140735681979514027e+00 9.407884793292002890e-01 9.921416337298464283e-01 1.014310014437322938e+00 1.213369747960452827e+00 9.963921450798068902e-01
1.003564578144049424e+00 9.245440384264524969e-01 1.005345194934494923e+00 9.577155814399456180e-01 9.481617981708557741e-01 1.069780287586011402e+00 9.842991090018987643e-01 9.647046439648416793e-01 7.437500332818336446e-01 1.103640587539222340e+00 9.956499955661941570e-01
1.011436535715895868e+00 1.131062249337997372e+00 9.137948303804750427e-01 1.059144494138855697e+00 5.950757985923534887e-01 8.005403643819553050e-01 8.681986359399092024e-01 1.082764514953340917e+00 9.206698144981501075e-01 1.143871191909250795e+00 9.891522956440735870e-01
1.015612912434680437e+00 1.023171911437519066e+00 9.481316387343780017e-01 1.012208540693333880e+00 7.624956863608065571e-01 9.856987030511575876e-01 1.037193278186000933e+00 1.101210449521840884e+00 1.110305159046035328e+00 1.280266393669894587e+00 9.930792298036015264e-01
9.911594312461762257e-01 1.030528102037719274e+00 9.776376877448955671e-01 9.740846965468713536e-01 1.397092701670767267e+00 1.211944181423103117e+00 1.067260026180575361e+00 9.791647395292764067e-01 5.629443852133648729e-01 1.120534254890146464e+00 1.009915211736899687e+00
1.009058444522390685e+00 9.768689345129293322e-01 9.645527564902420803e-01 1.005095948814826556e+00 9.686032323722481019e-01 1.134826941185328453e+00 9.883720406933864666e-01 9.436108136005624258e-01 1.078422053535775360e+00 1.056653664700162976e+00 1.011461100048047346e+00
1.015064495667485911e+00 8.180782519915767992e-01 1.062454493498800723e+00 1.068298579525612801e+00 6.991569517412952184e-01 9.261180740488444973e-01 9.447130758474334700e-01 1.174262951087648554e+00 7.348909856960696985e-01 6.858554072033529181e-01 1.013662614768322534e+00
9.950635474611898568e-01 9.081454149592071978e-01 1.039038049913268535e+00 1.196765934782441310e+00 5.673494805183401102e-01 9.163767705079043369e-01 9.915372134183275676e-01 1.100614409646410552e+00 7.811331216770311947e-01 1.304590240871686957e+00 1.008837219942757546e+00
9.911080685346643770e-01 8.751532822734803263e-01 9.474103645896030379e-01 9.304363486754388957e-01 3.949745530182425801e-01 9.554257453441790116e-01 9.424283169632149404e-01 8.566285557167634401e-01 1.155446661712467460e+00 1.038663131613176915e+00 1.010049032843938877e+00
1.003672116654311885e+00 1.040667060213632977e+00 9.999077282673481948e-01 9.877257084765332928e-01 1.158555448400408805e+00 9.835594337439196311e-01 9.911671229236762581e-01 1.025088300087726445e+00 6.727382429202396485e-01 7.921070848887310500e-01 1.022961128058052616e+00
9.915870814124455590e-01 1.093700079045514473e+00 9.832327073483017044e-01 1.062848218718992044e+00 9.562852656991931433e-01 9.805605335370999320e-01 9.962252523485509714e-01 1.047214709502512608e+00 1.042613030446385647e+00 9.800588374203340614e-01 1.002329873244476088e+00
9.933680210402359156e-01 1.183895272801597454e+00 9.561559744747871736e-01 1.045361543003092697e+00 1.104864847095748059e+00 9.431957860135431471e-01 1.039550075758964631e+00 9.813348276619998645e-01 1.103847500989299846e+00 9.757217371238545711e-01 9.848668903471577973e-01
9.894455042316130378e-01 9.745804871329546426e-01 1.002330886285262679e+00 1.092855084874636784e+00 1.166150853683245892e+00 8.904354339358241388e-01 8.599176879952536989e-01 1.109262604958678455e+00 8.400609002089242106e-01 5.725414817390002131e-01 9.961038822719565644e-01
1.004851911931481157e+00 9.705604410905190882e-01 9.745815027439092004e-01 1.132114300479048596e+00 6.015851957597848632e-01 1.134504616001032140e+00 8.037724312238059277e-01 8.786016345185232446e-01 1.426643827732318348e+00 1.241191757587430722e+00 9.914494387766166206e-01
9.846214128960130152e-01 9.531632025767736716e-01 9.974366160454090080e-01 1.026072560296809266e+00 1.278434985457776563e+00 1.067563244721579485e+00 1.043720588239129166e+00 1.017900095514025383e+00 7.917913051639923205e-01 7.666980429441252465e-01 9.981892173950880354e-01
9.951436352454358092e-01 1.240133595601559779e+00 9.785390532887123793e-01 8.139242892648171912e-01 9.696920505932613565e-01 1.201299225259871539e+00 9.225238195030835975e-01 1.115776770816518049e+00 8.659247970874095479e-01 8.595631929402913762e-01 9.894465679716063500e-01
1.001025354241372289e+00 8.520816205075429917e-01 1.066315942032630470e+00 8.764880634267929738e-01 7.287243055774657030e-01 1.015865779722350482e+00 8.481418152878784644e-01 8.906348794781718814e-01 9.162063058102650759e-01 1.079462714826342928e+00 1.005908219995954589e+00
1.008314944995829965e+00 1.067058824366574621e+00 1.024286178793569535e+00 9.207640111381560910e-01 1.052317005552911855e+00 1.127371184822594019e+00 1.091757078517281876e+00 1.031007338749295732e+00 1.139169216710624211e+00 9.533517455562847687e-01 9.819312942267400812e-01
1.013469831107521646e+00 1.062830551449326588e+00 1.040769356794905898e+00 8.992677467261631641e-01 1.269842877046281071e+00 1.247196157929138627e+00 1.089888944603375709e+00 1.107729843804423631e+00 1.334108266352387551e+00 9.439250666741469953e-01 1.008024459105390180e+00
1.019897914202642752e+00 1.007173752722451576e+00 1.025619006220330309e+00 9.154969823550711538e-01 1.048732643671994591e+00 1.059421420900479749e+00 1.050773085798819340e+00 1.039611072254150059e+00 9.592560220899928325e-01 8.889211123575506690e-01 9.918147399215317961e-01
9.915523313606934286e-01 1.089275979030430053e+00 1.010073993520643976e+00 8.934868007774032783e-01 1.144921594817043919e+00 1.155002075117345983e+00 1.009844394943728796e+00 9.909310443251841960e-01 1.173910471564735936e+00 6.736775281507505486e-01 9.957681848793851209e-01
1.014716821070275499e+00 9.007638756495467414e-01 9.729675134523644298e-01 9.552086278272002851e-01 1.001026177066765444e+00 1.053701854025277163e+00 1.022116775814963407e+00 8.820163269217091706e-01 1.235889662568000702e+00 9.910197677244685366e-01 1.000137949965448358e+00
9.936045313898859144e-01 1.073732405467084705e+00 1.001478611268074914e+00 9.118530470937746824e-01 1.065375504267600970e+00 1.096245889400627282e+00 8.510162344472760321e-01 1.002733694801126063e+00 1.152946434500572659e+00 8.148533685621921485e-01 1.004256682464235384e+00
1.006315428625740749e+00 1.112913308473241436e+00 9.316643303432968759e-01 1.229314752127810273e+00 1.590847514295238518e+00 9.272665716453397655e-01 9.363786278351439174e-01 9.593173034351207829e-01 1.178955345015720857e+00 8.940178708786016282e-01 1.011555186624021774e+00
1.008882407619414945e+00 9.968520594540093427e-01 9.954412563969227135e-01 8.441746117709594266e-01 7.682125160769023298e-01 7.774813187939980663e-01 1.017774575239832169e+00 8.452232885962125408e-01 1.146382070679817122e+00 1.003580639725325740e+00 9.945808995267243491e-01
9.905798446815343716e-01 1.077310020158758208e+00 1.079015474267613239e+00 8.572924516671979189e-01 1.274557597360743477e+00 1.018118850682140586e+00 9.782381810016680390e-01 1.076263998311340231e+00 8.148204348411779430e-01 1.283835533031927545e+00 1.012502066166796943e+00
1.008003050502300990e+00 1.110721336810773785e+00 9.517166526218160394e-01 1.003348595863148507e+00 1.296372088474440298e+00 1.150454508165953849e+00 1.053883290191259592e+00 8.742527735086186302e-01 1.109953241494991527e+00 1.019654313056047812e+00 1.003254803786120863e+00
9.857034086834982611e-01 1.004660380579077916e+00 9.452451827687793351e-01 1.075021368762903329e+00 1.148865130070204188e+00 9.888202501799305821e-01 9.088897932890985798e-01 1.006133212673960164e+00 1.179231904412553433e+00 1.115760813685675146e+00 1.007838764251806518e+00
1.000692851267344308e+00 1.173907157064735918e+00 1.004572638172388066e+00 9.769510902261232532e-01 8.838950248704211532e-01 9.425266603005274524e-01 9.620154180074573791e-01 1.019386148154869387e+00 1.160981060953881761e+00 9.013590374758037038e-01 1.007442227595569006e+00
9.979743638484862567e-01 6.952339863587964075e-01 1.060678988572600900e+00 9.821066243901314108e-01 1.212447976911082748e+00 9.728254024916199727e-01 1.043595706601206707e+00 7.220737886608132872e-01 1.184567426352848063e+00 8.269981019333220162e-01 1.002992300987049168e+00
9.961605802825010958e-01 9.752517528443912509e-01 1.036476314894135831e+00 1.061548959044675833e+00 8.276018684694838035e-01 8.529959172395690237e-01 9.653176000240988319e-01 9.006392792296969985e-01 1.117838526109637742e+00 1.182921920327836496e+00 9.871129175855762883e-01
1.002946956104437071e+00 9.986683568617105156e-01 1.030437317366157401e+00 1.033201766128660992e+00 1.227212275873721614e+00 9.428505499644173060e-01 9.670606403348831481e-01 8.710938047991894084e-01 9.471315356819456355e-01 1.131949574857818108e+00 1.012963779438216694e+00
1.010197630518060663e+00 1.039281825510658619e+00 1.010671941771334126e+00 9.780054998163847380e-01 1.210412955764363030e+00 8.031084688477745370e-01 1.048328550060549702e+00 1.131422460365417493e+00 9.574041610469850028e-01 9.995542535205352852e-01 9.906028270201764352e-01
1.005394205876785518e+00 1.235249141122493288e+00 1.008341143866684719e+00 9.608131327639256591e-01 9.804008135541388835e-01 1.022295279191948625e+00 1.016269404832428780e+00 8.813144391166111147e-01 9.144094055035296709e-01 8.262836095485668331e-01 9.876847293472162947e-01
9.795854738160990616e-01 8.244225141101831911e-01 9.941178951537537056e-01 1.024845949081665486e+00 9.020029545000524118e-01 9.953502936158590275e-01 9.928046218122403843e-01 1.115096636185902268e+00 9.409364872270220559e-01 8.394417189229403942e-01 9.862923218492071209e-01
1.003772018803053445e+00 8.094483139114057035e-01 1.094616575932580993e+00 9.652076999029411963e-01 1.182812421677562842e+00 1.098307728070526901e+00 9.827483274575490313e-01 9.630736003188784533e-01 1.054538063854100205e+00 1.024713768217679899e+00 1.013590844322418860e+00
1.000681512812643392e+00 1.065345633910208978e+00 1.075680260220760687e+00 9.772921263785208090e-01 7.101963669772637378e-01 9.403544662132006238e-01 8.323505683020226975e-01 7.892869565548445987e-01 9.906683435948919758e-01 1.034143179571159754e+00 1.000743105023996771e+00
9.936534804411389921e-01 9.440397435023993866e-01 1.038407121672850764e+00 1.039019252703648810e+00 9.620174452352806549e-01 1.169704160903491497e+00 9.873357553749279036e-01 1.025027841585732569e+00 8.468193391897280708e-01 1.225210198678148288e+00 1.002836216930212299e+00
1.011573182424476913e+00 1.070750534585632519e+00 1.032349314476303848e+00 9.161695668172953333e-01 8.011726451956686645e-01 8.826676504432879877e-01 9.871375288134276449e-01 1.027193208111487843e+00 9.402568646174908062e-01 8.114252627355991176e-01 1.011082692926063453e+00
9.891517882221638747e-01 1.060870329728509587e+00 9.644766797849226858e-01 1.169241233444039185e+00 1.035729931461600195e+00 1.216748063499960786e+00 1.174856897947395673e+00 9.401566476713053566e-01 1.141377629998366006e+00 9.817630538292428932e-01 9.767474648921313785e-01
9.909899871913107061e-01 8.390033219819816868e-01 9.950103276892542370e-01 7.803196292490597319e-01 1.111787342276489232e+00 9.492513644375221160e-01 1.049414087250119865e+00 9.681762093140977576e-01 1.193699486659596021e+00 9.812325449484468054e-01 1.006124239945741961e+00
9.976292738752010614e-01 1.054674066500915108e+00 1.057579035249565536e+00 8.313190421464153879e-01 9.710400209313426734e-01 9.799728484177244736e-01 1.033105330450707848e+00 9.531008895763257716e-01 9.015113990801104649e-01 1.071345976488224050e+00 9.940000178701965394e-01
1.001358072511636887e+00 9.191641556691733106e-01 1.004040926008120449e+00 1.077401817288436314e+00 6.402096892761026670e-01 8.895067445637865333e-01 9.107716675726037492e-01 9.114776484571746051e-01 7.194777844091670982e-01 1.054829444943712558e+00 9.689352721874155971e-01
9.988094607994048024e-01 8.545495127983419037e-01 9.321362226608247425e-01 1.015963041932791855e+00 8.151172455554108742e-01 1.110035791854208753e+00 1.142301999123007228e+00 1.014163514072660588e+00 1.099239006587666490e+00 9.920158452789443748e-01 1.007260587470421465e+00
1.008683453277567033e+00 9.217164592740537676e-01 1.117863175172143508e+00 1.051843211996005278e+00 1.143366392271744303e+00 1.087659981411020826e+00 9.817589615037116690e-01 8.716709770457695683e-01 8.319122952044641917e-01 1.076772317096736487e+00 9.977301358599890424e-01
9.887114823871154812e-01 1.135002126140310041e+00 1.068479090443888779e+00 1.048145733930357704e+00 1.257616816685636296e+00 9.843812772883149265e-01 9.523527777213159906e-01 1.020842023582573921e+00 1.123189529619783134e+00 1.328754045142210849e+00 9.898475957514187851e-01
9.850809433483661559e-01 8.492193790549995569e-01 1.007165592238456808e+00 9.077681921356851591e-01 5.480794231157937180e-01 8.961567919653254943e-01 8.554468698635921964e-01 8.104126913763343154e-01 9.451681212439229096e-01 1.112184320127398207e+00 9.996236424679993959e-01
1.001505289365738349e+00 8.588510553567119121e-01 1.012797000736565867e+00 8.827001972430952303e-01 1.132485089847308446e+00 1.065701168805710974e+00 9.113808935636991126e-01 9.279446996599839403e-01 9.067936809563765799e-01 8.783818654076176458e-01 9.864651862142163052e-01
1.017710591913903562e+00 1.219036009465948034e+00 1.049372974302314576e+00 1.104055469544356294e+00 1.302174797558200758e+00 1.025064596709747144e+00 1.129891262140873209e+00 1.031487756572432302e+00 8.819854504477855350e-01 9.639298905423552277e-01 9.962738602480658567e-01
9.899149051480119477e-01 1.001062393098426151e+00 9.728589388044776021e-01 1.140469455443969604e+00 1.070164132876694651e+00 8.316429667768502343e-01 9.713145555334198322e-01 8.550182605349154752e-01 1.079855022228856321e+00 8.988770281021880582e-01 9.990403728120672566e-01
9.978762429527228139e-01 9.624312454125544258e-01 1.048855598668501088e+00 8.739620828860997781e-01 7.242641334714394752e-01 1.017785402434473463e+00 9.739543407335217173e-01 1.047924343278770154e+00 7.006449401622654172e-01 1.052107518886757465e+00 9.995905912231931589e-01
9.967599029337079752e-01 8.440818186354046571e-01 9.669905447690114730e-01 9.442190302534858581e-01 1.063991136039263985e+00 1.006349967678040525e+00 1.034450791512047774e+00 1.121950334314158138e+00 6.314032843916980164e-01 8.795925637998058821e-01 1.004858459161548367e+00
1.002933140787728217e+00 9.391544358604445586e-01 1.014114577638491221e+00 1.047613423923265286e+00 9.378170077827354678e-01 9.912644737469654688e-01 1.075884128554670527e+00 1.067620456001493023e+00 9.496062993994666135e-01 1.078840810038038445e+00 1.022524349476600980e+00
9.878398882456929098e-01 1.054101058246600164e+00 9.600778038620554344e-01 9.924465180179108392e-01 8.732072024916753827e-01 9.628666642423846511e-01 1.080642717239339579e+00 8.478196187790800753e-01 1.113635922956050628e+00 1.199898675910116452e+00 1.004434588032121711e+00
1.008526168037494619e+00 1.007254567580901483e+00 1.037874526872244907e+00 1.045187383545589155e+00 1.058382867014082240e+00 9.127333020432945032e-01 9.566990282308885929e-01 1.046508849794468121e+00 1.057206071275594628e+00 1.139078118163418862e+00 9.980782270048972338e-01
9.937736004114747779e-01 1.166075741648900266e+00 9.867721679209532359e-01 1.087443578105341091e+00 1.252377481138760462e+00 7.802283724569970547e-01 1.037946792566614596e+00 8.895993438618170490e-01 1.161654683178969583e+00 8.384160712100160451e-01 1.005484899682349553e+00
9.797887848951850609e-01 1.004617411479134192e+00 9.358336330302980954e-01 1.037496974786304538e+00 9.414791659467758311e-01 1.003841247382604163e+00 9.391885065768347252e-01 8.775857405183037363e-01 8.074907917158138382e-01 8.921844444085601511e-01 1.008415645816370221e+00
9.931158895611429394e-01 9.518328085623690704e-01 1.008927263118142292e+00 9.127805715784729212e-01 8.870194526217465292e-01 9.143682728365922774e-01 1.085117035955235121e+00 7.438242915036625824e-01 1.159949114976289275e+00 1.036074168014863739e+00 1.010621588983473096e+00
9.973968542479114685e-01 9.567682221348614569e-01 9.918159893871039134e-01 1.157181196000129475e+00 1.094597268766088760e+00 1.017558485474879371e+00 9.460680123363908178e-01 1.068763016403433408e+00 9.703465753436315566e-01 1.086556914491370485e+00 1.000658693716196979e+00
9.949401250010092568e-01 8.620439913144842814e-01 1.003610039441282575e+00 9.730782436732341445e-01 8.291997980494170140e-01 8.682680336156748391e-01 8.865293339637584369e-01 1.044005339288421652e+00 1.086805714942272960e+00 8.089700847729175415e-01 1.009491522809332187e+00
9.964673793804380564e-01 8.596660441671374331e-01 9.564417762647243748e-01 1.127894138389545775e+00 1.109545325932835391e+00 1.047834939582309222e+00 9.592823413798736709e-01 1.098053981882944008e+00 8.742562250625980358e-01 1.157242089654647144e+00 9.793202137692128550e-01
1.008940317020884381e+00 8.639829958259539477e-01 1.030671969760126760e+00 8.275609644896765316e-01 8.855987334880532913e-01 7.536163990738278251e-01 1.123941936964001576e+00 1.141220582013543483e+00 6.983758288713903806e-01 1.044839181374829895e+00 9.998721101206670125e-01
1.000636982132685038e+00 9.800278152809355214e-01 9.961557808312651030e-01 1.123030491070146297e+00 7.703890214888863275e-01 1.020448239346589014e+00 9.178387402349135193e-01 9.375647160303924865e-01 1.112212542965928641e+00 1.160694447757015801e+00 9.959341911214433241e-01
1.014279320847357502e+00 9.404397509912977293e-01 1.019296911237198122e+00 1.031249737795989274e+00 1.188888252752748231e+00 1.057390220279003312e+00 1.065074671126295724e+00 9.034721300469972238e-01 1.129810779174389435e+00 1.217237545763208306e+00 1.002736633968404956e+00
9.912345366308429329e-01 9.308671079804484716e-01 1.028111807842134295e+00 1.165903478113452518e+00 1.011781821614899490e+00 1.031263467159891700e+00 1.068019676419232233e+00 9.367104612899117555e-01 1.065690687822832272e+00 1.014340642235604051e+00 1.012625187645870062e+00
9.801808956808660822e-01 1.001594406819004135e+00 1.038079430532695913e+00 8.803783995677334495e-01 9.229000007661523064e-01 1.117471019220280803e+00 9.385204587683387834e-01 1.074799774244425299e+00 6.964705138882414381e-01 8.227948549525293531e-01 9.878362687055098901e-01
1.003819062516615679e+00 7.683250269155883494e-01 1.029847840683806526e+00 8.664079772318371564e-01 1.227574624673284820e+00 9.538969510199870605e-01 9.742378903349576680e-01 8.977046360645425382e-01 9.831028878484063815e-01 9.244584105175945865e-01 1.012871727671918798e+00
1.002062289774538595e+00 9.112974064437402433e-01 1.006508255794235751e+00 1.099175856540735907e+00 1.061581886560299059e+00 1.110724640625160742e+00 8.846267087137391627e-01 9.290569706560962704e-01 4.360700459165632870e-01 1.221590353643427607e+00 1.002154395179692514e+00
1.004434706141105638e+00 1.012537236587345513e+00 9.982574327882676180e-01 8.724996250264558384e-01 9.453068867350953308e-01 9.548163660076222081e-01 1.110361116862425446e+00 9.671505409848295542e-01 1.422769478347749139e+00 9.455747932771471076e-01 9.936356559787906662e-01
9.865763199574858477e-01 1.045207552107887850e+00 9.897676221392655016e-01 1.030948318526548224e+00 1.101134329238727227e+00 9.702738060273563558e-01 1.052626525078978803e+00 9.820612729181571465e-01 1.449008311629734536e+00 1.062423300800690251e+00 1.005303406603143879e+00
9.959722068442673493e-01 1.153733656218545844e+00 1.077074819908944825e+00 1.067093684485225902e+00 9.508738705537406188e-01 1.008739601997024504e+00 9.378373681961172936e-01 1.054184357735089561e+00 1.158830485308865121e+00 1.168647836328653655e+00 9.929730614450278381e-01
1.012562639638238338e+00 1.065857153007891522e+00 9.744570633637269497e-01 9.795449025923810282e-01 8.987320010233303957e-01 1.123183820150004841e+00 1.020167363437213037e+00 9.985648610942750025e-01 7.691421802178298739e-01 1.158006001958020725e+00 1.015416527714863459e+00
9.965885890768092503e-01 9.532963616609021473e-01 9.693065124330210169e-01 1.042787895873135806e+00 1.044585537820255094e+00 1.170745790112572626e+00 9.807976160331478566e-01 1.190273605328986850e+00 1.032061223768302005e+00 7.712717087607979805e-01 1.007102683836941015e+00
1.012869878175757909e+00 1.037162860698160882e+00 1.044019007714443781e+00 9.783827403172715709e-01 1.208978225560142894e+00 8.981927728585631376e-01 9.880070098324510441e-01 1.117427036866033063e+00 1.081849001925799358e+00 9.582733753206763572e-01 1.017503408785155328e+00
1.000108257242464660e+00 1.095957353828412195e+00 1.004875835156921582e+00 7.314468569755316896e-01 1.099505558795228932e+00 9.698677935219279789e-01 9.581821823870211308e-01 1.001078233335907397e+00 1.023440398687325947e+00 9.704146526887561519e-01 1.007195173609895633e+00
9.925764121002598195e-01 7.540010524622796639e-01 9.825806673071735275e-01 1.013495199231824184e+00 1.217909767768651896e+00 6.946696337068836158e-01 9.464053802675900240e-01 8.755312244947595079e-01 1.097875183671554566e+00 8.414969557070270945e-01 1.001842426054590618e+00
9.946163746866404365e-01 7.393613634790512368e-01 1.032844084149009189e+00 8.891078754324874822e-01 1.095081258286063841e+00 1.089146446337126539e+00 9.776328903150124372e-01 8.617780165201806009e-01 1.324194111897431636e+00 8.142391555053496432e-01 9.969526511566637605e-01
9.997031579317098293e-01 7.743201644126913585e-01 9.966819622052062178e-01 1.097767028889958363e+00 1.161711993682507105e+00 1.119374411806829395e+00 9.493875516280303462e-01 8.002924413518501812e-01 9.113746981016581650e-01 1.105945914761625959e+00 1.006094649679085240e+00
1.012246534086272076e+00 6.788505695216116020e-01 8.809853241682349401e-01 1.004677739550525084e+00 7.643657587579830714e-01 1.017020414343837942e+00 9.993362762694320001e-01 9.773789169676623256e-01 1.242875076132811341e+00 1.166569424915224307e+00 9.999682396040342480e-01
1.006461792381948106e+00 9.275340688986023485e-01 1.058000965675264915e+00 1.018961633923312071e+00 8.935678375431539422e-01 1.001473181054946204e+00 1.131468089346904460e+00 8.915204369427309761e-01 1.435096766485512543e+00 1.242107598377911515e+00 1.000011707809816519e+00
9.879549691764177854e-01 8.330788679275873410e-01 9.119575296588521285e-01 1.012854157628259921e+00 1.049505623618227856e+00 1.072993333027127960e+00 1.084536244325960741e+00 1.133036775753862635e+00 1.251711874593680607e+00 1.072766296691004095e+00 9.862241189618813353e-01
1.011486479051429299e+00 1.021532108843568487e+00 1.026977089122671494e+00 1.129242726724770440e+00 8.316166025544667884e-01 9.501395534048040492e-01 9.415719847446446522e-01 1.172250573715554633e+00 8.609444969370464440e-01 7.417677973633243216e-01 1.002315575633886402e+00
9.912748816434269195e-01 8.071595240994587916e-01 1.025816254573638675e+00 1.031622699951830313e+00 1.151834308152694053e+00 1.078242707613831231e+00 1.047128054418584142e+00 1.030310325846917729e+00 6.376844215425914175e-01 1.059500414719209083e+00 1.004027077823406167e+00
9.957981778539756190e-01 8.552135782038575718e-01 9.270921117118775534e-01 8.118715920849496337e-01 7.446270842304822946e-01 1.105506322360639615e+00 1.057550897923811517e+00 1.011908724090050615e+00 1.176884931294388537e+00 9.378064560051416754e-01 1.008942878621078343e+00
1.008177387431680394e+00 8.844147373329913631e-01 1.021554656222169344e+00 1.119844465537150890e+00 7.614999854400206214e-01 1.076125821293050455e+00 1.079062010536330662e+00 1.069269929312865797e+00 1.251059174184809164e+00 1.175183459551048859e+00 1.017770115176201084e+00
9.925125824700081756e-01 1.105275169496158227e+00 1.047259941032310016e+00 1.020175666196353914e+00 1.220459425408025878e+00 1.041709166982748069e+00 1.132022752273616373e+00 9.687340677758462526e-01 7.677761846004470536e-01 1.088812890010559142e+00 9.950688558358387059e-01
1.007598324487341213e+00 1.033968800424858170e+00 1.008569492697904080e+00 9.700055401515862430e-01 1.295054899292285677e+00 1.056156465687789314e+00 8.619892416200795049e-01 1.030443407533304212e+00 1.245473037826756890e+00 1.032836808985838850e+00 9.991984883569376974e-01
9.991698315809163233e-01 9.943871941261275271e-01 9.071662989817680378e-01 8.855714860056562721e-01 1.176499802324774135e+00 9.831533275392672078e-01 9.755505564624412651e-01 8.682754049756212789e-01 7.769207321112520104e-01 8.716840887843253505e-01 9.932226846092705452e-01
1.013676752932524350e+00 1.043863966834496004e+00 9.977560897441773990e-01 1.062721569356452678e+00 1.080727395657418155e+00 9.748487370882978897e-01 9.062212998493698324e-01 9.779909263738312264e-01 9.318162219532089008e-01 1.058932450302591644e+00 1.001501295394672475e+00
1.002474909098998834e+00 1.288316105333286998e+00 9.658678686281094716e-01 8.389093002392529197e-01 7.493426939599445724e-01 8.914981056948587668e-01 1.063224381818512532e+00 1.035775714569980632e+00 9.430855654550786005e-01 9.298252980933883194e-01 1.005611702550491815e+00
1.003761924312452480e+00 1.123238911016674280e+00 9.536715348006885584e-01 9.453912326678113320e-01 8.629562731577288259e-01 8.631731052488174072e-01 1.005484306497258062e+00 9.312723217432311573e-01 6.819669793130598290e-01 1.211091125905517707e+00 1.003446867397768782e+00
1.005971011452694519e+00 9.102042920078914356e-01 9.801753710544512943e-01 9.750070926812162142e-01 9.342980865359047371e-01 9.966041266525095255e-01 8.982230052426225519e-01 1.108731833756475327e+00 1.473907008793432283e+00 9.821992450215233372e-01 9.942256964988456236e-01
1.001752627506753868e+00 1.106401395875440619e+00 1.061455832193215709e+00 8.866116701490548424e-01 8.703942033042068038e-01 1.068016484537397393e+00 1.067595508565018392e+00 1.060992247913668418e+00 9.509819931889298417e-01 8.027000967758801675e-01 1.007079652986294427e+00
9.750302212040269367e-01 8.954757454108148718e-01 9.389351331932447309e-01 1.224105768746617029e+00 7.580021733590468491e-01 1.050681927801530025e+00 1.036199970794404956e+00 1.018409433629486660e+00 8.357751388121994474e-01 9.465525228347241304e-01 9.964620309548517518e-01
1.016202236592059327e+00 1.177817464612965992e+00 9.595498632572935227e-01 1.056006432371746406e+00 7.515235073083876838e-01 9.876178733688696365e-01 1.139617719920372751e+00 1.043249971068696658e+00 1.354937692435138619e+00 8.239951761218891058e-01 1.019543342994789104e+00
1.015229817290326908e+00 9.897889418119604210e-01 1.120471718809209705e+00 8.473217197660564137e-01 1.117918964336217513e+00 7.286213489712407565e-01 8.585823907377885256e-01 1.113298411752230432e+00 1.062030510478729761e+00 7.479081611758457981e-01 9.746970620523216500e-01
1.000816587868533336e+00 1.227585221759663447e+00 1.033609877619485307e+00 1.014503072684997509e+00 1.194539808361740452e+00 1.060474791972201292e+00 1.163860216639044154e+00 8.142103827085851453e-01 1.108871317262933420e+00 8.960576889645284204e-01 1.008190361145487435e+00
1.013384208677915010e+00 9.114768679816637187e-01 1.002480108749262078e+00 8.245423452712752344e-01 1.223464998307777440e+00 9.050564072426290352e-01 8.482085674127719521e-01 9.886839908735832738e-01 6.225818920791457156e-01 9.832305891565672473e-01 1.001222346162122800e+00
1.003391092328872913e+00 9.035728853101756552e-01 9.841281542781178393e-01 1.116371686988772538e+00 6.935619066649483244e-01 9.251864512278028529e-01 8.218096757638919669e-01 1.025542953968923587e+00 1.368010229962635105e+00 1.071900447120919031e+00 1.002127296628508857e+00
9.761845270136892960e-01 1.115489011083365067e+00 1.001281683873412431e+00 9.221809811994420292e-01 1.108469208315784993e+00 9.503351985476788943e-01 1.092650718940190169e+00 8.288128708503038622e-01 1.209675564383760227e+00 1.052353227815699066e+00 1.017202071611551517e+00
9.957390807544262978e-01 1.026032104371542131e+00 1.083974996033225002e+00 1.007157753965824964e+00 8.498905343336702334e-01 9.633752461192218730e-01 9.867969680059621718e-01 9.080644952923335733e-01 1.106121969070122724e+00 9.747189675962675270e-01 1.009094023625709546e+00
1.005852209765827565e+00 1.196085996385694239e+00 1.047678383957500792e+00 1.163217885326740753e+00 1.180319644771399279e+00 9.236115260265262972e-01 9.499056581264037069e-01 9.987271262059143062e-01 1.567093041461483649e+00 9.690413482317775662e-01 9.988405607290752330e-01
9.949259107846935013e-01 9.031790735993684427e-01 1.028994173950810831e+00 9.813240341239524156e-01 1.010174568878957402e+00 1.019462093472642605e+00 1.017218262630162906e+00 8.367810334151392082e-01 6.887758013884750508e-01 8.879455127700499606e-01 1.001406376452573355e+00
9.999869492234385593e-01 9.223926107395195029e-01 1.008253440703975379e+00 1.101343343375918327e+00 9.317292970114585682e-01 1.088854171277768401e+00 1.003298430901008453e+00 9.979993337481983806e-01 1.282226592665833387e+00 1.162459106669464282e+00 1.013058931292865061e+00
1.001197534583618154e+00 8.736354844748160930e-01 1.053778086311973894e+00 9.831431478203749297e-01 9.468370130950168884e-01 1.005636323971661472e+00 9.285454649061322119e-01 1.149937441866468069e+00 1.076182139932178927e+00 8.896293176091024657e-01 9.944941405555960401e-01
9.995202291692409924e-01 8.359187483045408262e-01 9.404229880738307346e-01 1.008398027006399023e+00 8.369670584038526595e-01 8.107069727960714012e-01 8.898360813564357708e-01 1.015941879272159065e+00 1.070107614980809752e+00 1.110648600003621533e+00 9.948843992703740868e-01
1.013009980060173731e+00 8.054623723454944484e-01 9.906226766106341897e-01 1.088372248906750439e+00 8.309489923622555008e-01 1.100153824045666751e+00 9.597675248329349262e-01 8.960482203361601616e-01 9.082361148104280968e-01 1.094456040456040613e+00 1.004918310277467475e+00
1.004166624000065289e+00 1.015318017218830082e+00 1.040080344965654158e+00 1.102830336782524290e+00 8.914641672758297775e-01 1.233496718185439711e+00 1.108284413256694245e+00 1.105988059764935416e+00 1.329017413926701696e+00 9.385112877670706011e-01 9.979398315053066293e-01
1.017133522300410098e+00 9.934879717512354880e-01 9.624548505808550036e-01 1.013189413709040698e+00 8.692077757462692844e-01 8.692830507582600674e-01 9.797166510801172956e-01 1.113764396564832060e+00 7.897107517774663021e-01 9.382641726059848253e-01 1.004506643390847387e+00
1.001337308084217392e+00 9.352826647635688051e-01 9.433236662257988847e-01 1.058098711566306749e+00 1.243504086553154142e+00 1.011893394628072818e+00 9.971620489890126171e-01 8.243294093726679650e-01 1.306551252926806184e+00 9.250418427908940755e-01 1.010984364514976308e+00
1.010321679365832281e+00 1.134461234636961358e+00 1.058683589572773309e+00 9.818759482175177800e-01 1.046198606649663798e+00 1.204459684946828091e+00 1.012973258739186200e+00 1.070931718068610872e+00 8.981869752897256864e-01 7.968923535163973115e-01 9.792397126861558387e-01
9.941355066393445794e-01 8.431514287779755534e-01 9.979966806143382163e-01 1.001117106913386623e+00 1.162492906300626405e+00 9.386681633328083363e-01 1.017556920743799553e+00 1.059909156728625623e+00 1.129164285912251486e+00 8.552215090856853941e-01 1.000895347200432717e+00
9.910595631749147261e-01 1.136532030302411345e+00 9.810343179872177410e-01 1.011049060644014119e+00 1.136144868324467483e+00 1.062229667079867435e+00 9.925343063905024410e-01 9.694164794654392958e-01 1.012825149406809677e+00 7.555738673617669043e-01 1.008149226144336774e+00
9.921922520772834542e-01 1.072034199850344427e+00 1.022450707260732949e+00 9.579114713148831894e-01 1.108358039156407626e+00 1.100493013087106453e+00 1.069069025864366695e+00 1.151371916857843791e+00 8.109255088623305019e-01 1.046253304967979858e+00 9.924225999424670652e-01
1.004689419827749397e+00 7.481336928728662405e-01 1.012975693411125144e+00 9.748158189865112622e-01 1.184631627525657205e+00 1.124049368456272679e+00 1.062335851137494069e+00 9.176742964615991482e-01 1.200709054682272070e+00 1.050389663670856732e+00 1.007616164404702364e+00
9.973394795836422189e-01 8.128653797188444274e-01 9.914895751323972162e-01 1.063765627938681568e+00 1.153910144692298578e+00 7.027032261798626944e-01 1.040062844026536037e+00 1.012276984757112253e+00 9.840244246531167915e-01 9.670836798467057349e-01 1.008569140238737560e+00
9.990122069765853263e-01 8.829137799695742084e-01 1.049259128446054623e+00 9.678992640793605551e-01 8.230732563936790092e-01 1.036705329343270199e+00 1.025509203494501254e+00 1.028950097184384793e+00 5.801463059845710646e-01 1.103024882656855832e+00 9.857980069297819226e-01
9.977535392931703440e-01 1.098713368800477985e+00 9.880186265656951683e-01 9.027531228881305880e-01 9.135602078939037973e-01 8.910335185438246208e-01 9.841414440028434241e-01 9.417154513490422207e-01 9.914698170090696649e-01 1.114576047849581641e+00 1.006558371025523924e+00
1.007782919042714109e+00 1.142544404900506905e+00 9.960022861900237334e-01 9.266196193775304568e-01 9.124776281947237777e-01 8.778471774164321451e-01 1.030749975387903916e+00 9.465753799561680282e-01 6.919155799839356025e-01 1.043321928174961721e+00 9.984014832272971596e-01
9.980040874027532594e-01 7.919265586582862060e-01 9.681586202742585856e-01 1.015871305913260469e+00 1.003541317897967078e+00 9.203466740087865583e-01 9.074265918598628522e-01 9.356318540729806621e-01 9.958656492766840840e-01 7.617763372001298272e-01 1.003328568129897791e+00
1.004973330803477394e+00 1.540074712957113956e+00 1.032582206946009551e+00 1.140855946972389345e+00 1.107452725144985495e+00 1.147157846475888476e+00 1.039219448015644476e+00 9.160793365220994966e-01 1.098918304801923096e+00 1.268532988872862033e+00 1.021652829217674308e+00
9.914589863099266820e-01 9.763922301408770599e-01 9.649427500670642033e-01 1.134748533912294688e+00 5.308827734876202520e-01 8.353533707785631979e-01 9.430804900398347401e-01 1.046146627213397462e+00 1.006242818088147306e+00 9.588958616825252745e-01 1.018654160556392574e+00
9.885399805780249460e-01 1.151195190835412774e+00 1.030953662397189330e+00 1.072327389440427936e+00 1.250252266685360381e+00 9.097225834115819643e-01 9.333439087834183301e-01 1.222909132879639982e+00 1.195378363571571345e+00 8.614386940816193272e-01 9.883119435138010278e-01
9.924467163890974275e-01 1.053493299470327216e+00 9.636712251008868746e-01 9.901814739926884101e-01 8.881905578791425837e-01 1.056866203359379863e+00 1.096792746814451824e+00 1.217033592804344311e+00 1.046864769449949772e+00 9.007205964144816557e-01 1.006504714642270759e+00
9.959301997185358024e-01 9.994098171400769282e-01 1.009273672527617016e+00 9.420111541329074800e-01 1.253527450311216151e+00 1.059981945834062911e+00 9.674744994149911959e-01 9.709115495808331442e-01 8.895449764431193618e-01 9.422714213462389798e-01 9.875228534258776447e-01
1.003210545062828807e+00 1.063915847457973740e+00 9.996912929497347999e-01 1.094081617155258757e+00 1.110286540653415921e+00 9.176974202586003493e-01 1.176652247039209787e+00 1.045303256537921222e+00 7.235694901824640812e-01 9.783121951082802692e-01 1.002539960558408882e+00
9.770784957808694715e-01 1.095401995558881625e+00 9.814365682770511690e-01 1.117023067811151238e+00 1.010490261636806775e+00 1.052008242947386263e+00 1.088815944862298490e+00 8.796346911810135616e-01 1.114529435286994552e+00 1.076270974476017273e+00 9.982314974564924226e-01
9.831478052382300881e-01 1.238697929770512962e+00 1.017681768928183184e+00 9.590935846914249163e-01 8.968818903428847911e-01 1.227073994328881090e+00 9.984735145628775843e-01 1.067926889831465109e+00 1.300383578018650566e+00 1.037884326020741543e+00 9.927923996924388206e-01
9.930118763031169360e-01 9.058537700291021677e-01 9.203361687918958367e-01 1.090716202054875517e+00 8.634796220959164437e-01 1.033352254991827035e+00 1.022981000656568273e+00 1.016923548394462973e+00 9.061808751712855381e-01 1.179471664323669788e+00 9.833219019869606781e-01
1.005623258137619436e+00 9.837526046075967256e-01 1.013933216439706353e+00 1.118603274015508520e+00 9.867310424194370988e-01 1.081817291307274331e+00 9.040705625056841832e-01 9.156339371304401675e-01 8.970676507661381471e-01 1.149962461193862584e+00 9.985963756732921803e-01
